Invoice,StockCode,Description,Quantity,InvoiceDate,Price,Customer ID,Country
489536,21579,LOLITA  DESIGN  COTTON TOTE BAG,1,2009-12-01 12:13:00,2.25,16393,United Kingdom
489556,20718,RED SPOTTY SHOPPER BAG,3,2009-12-01 12:47:00,1.25,15719,United Kingdom
489598,21469,POLKA DOT RAFFIA FOOD COVER,6,2009-12-01 14:35:00,3.75,16620,United Kingdom
489723,48173C,DOOR MAT BLACK FLOCK ,10,2009-12-02 10:58:00,5.95,14299,United Kingdom
489816,21864,UNION JACK FLAG PASSPORT COVER ,5,2009-12-02 13:20:00,2.1,16086,United Kingdom
489857,90040D,MURANO STYLE GLASS BRACELET PINK,1,2009-12-02 14:43:00,3.9,,United Kingdom
489857,20616,CHERRY BLOSSOM PASSPORT COVER,1,2009-12-02 14:43:00,4.3,,United Kingdom
490001,85123A,WHITE HANGING HEART T-LIGHT HOLDER,64,2009-12-03 11:45:00,2.55,15965,United Kingdom
490047,21484,CHICK GREY HOT WATER BOTTLE,8,2009-12-03 13:02:00,3.45,17913,United Kingdom
490312,21915,RED  HARMONICA IN BOX ,1,2009-12-04 15:16:00,1.25,17961,United Kingdom
490389,85221,ASSORTED COLOUR SILK COIN PURSE,12,2009-12-05 15:18:00,1.25,15484,United Kingdom
490491,37503,TEA TIME CAKE STAND IN GIFT BOX,2,2009-12-06 13:19:00,10.75,17848,United Kingdom
490670,85123A,WHITE HANGING HEART T-LIGHT HOLDER,15,2009-12-07 12:42:00,2.95,14574,United Kingdom
490741,15034,PAPER POCKET TRAVELING FAN ,3,2009-12-07 17:56:00,0.83,,United Kingdom
490745,21918,SET 12 KIDS COLOUR  CHALK STICKS,2,2009-12-07 18:02:00,0.83,,United Kingdom
491006,20662,FIRST CLASS HOLIDAY PURSE ,6,2009-12-08 17:41:00,2.95,13557,United Kingdom
491035,21411,GINGHAM HEART  DOORSTOP RED,3,2009-12-09 08:58:00,4.25,13455,United Kingdom
491043,90036C,"FLOWER GLASS GARLAND NECKL.36""BLUE",1,2009-12-09 09:51:00,8.24,,United Kingdom
491086,21650,ASSORTED TUTTI FRUTTI BRACELET,13,2009-12-09 13:26:00,0.65,15911,United Kingdom
491396,85123A,WHITE HANGING HEART T-LIGHT HOLDER,6,2009-12-10 16:35:00,2.95,17610,United Kingdom
491630,22212,FOUR HOOK  WHITE LOVEBIRDS,5,2009-12-11 14:39:00,2.1,17851,United Kingdom
491664,20767,BLUE PAISLEY JOURNAL ,2,2009-12-13 11:28:00,2.55,15983,United Kingdom
491804,90184C,BLACK CHUNKY BEAD BRACELET W STRAP,1,2009-12-14 13:09:00,8.95,15920,United Kingdom
491833,21584,RETRO SPOT SMALL TUBE MATCHES,1,2009-12-14 14:35:00,1.65,12926,United Kingdom
491935,21541,DINOSAURS WATER TRANSFER TATTOOS ,1,2009-12-14 15:38:00,0.85,16125,United Kingdom
491969,84884A,ANT WHITE WIRE HEART SPIRAL,1,2009-12-14 17:57:00,8.65,,United Kingdom
491994,21790,VINTAGE SNAP CARDS,12,2009-12-15 10:36:00,0.85,17251,United Kingdom
492414,84279P, CHERRY BLOSSOM  DECORATIVE FLASK,1,2009-12-16 17:01:00,8.65,,United Kingdom
492782,72741,GRAND CHOCOLATECANDLE,4,2009-12-18 17:06:00,8.65,,United Kingdom
492783,20978,36 PENCILS TUBE SKULLS,3,2009-12-18 17:15:00,2.57,,United Kingdom
492783,21974,SET OF 36 PAISLEY FLOWER DOILIES,1,2009-12-18 17:15:00,3.04,,United Kingdom
493073,22114,HOT WATER BOTTLE TEA AND SYMPATHY,3,2009-12-22 09:41:00,8.65,,United Kingdom
493152,37446,,37,2009-12-22 11:39:00,0,,United Kingdom
493264,22195,LARGE HEART MEASURING SPOONS,1,2009-12-22 15:04:00,3.43,,United Kingdom
493667,21040,MODERN VINTAGE COTTON SHOPPING BAG,48,2010-01-05 12:13:00,0.85,13253,United Kingdom
494011,20730,STRAWBERRY CANDY BAG,8,2010-01-11 09:30:00,0.87,,United Kingdom
494019,84992,72 SWEETHEART FAIRY CAKE CASES,1,2010-01-11 09:38:00,1.3,,United Kingdom
494147,DCGS0058,MISO PRETTY  GUM,1,2010-01-11 14:39:00,0.81,,United Kingdom
494170,22189,CREAM HEART CARD HOLDER,4,2010-01-12 10:36:00,3.95,12600,Germany
494209,84029E,RED WOOLLY HOTTIE WHITE HEART.,4,2010-01-12 11:33:00,3.75,14239,United Kingdom
494378,84750A,PINK SMALL GLASS CAKE STAND,1,2010-01-13 17:03:00,4.21,,United Kingdom
494379,20756,GREEN FERN POCKET BOOK,1,2010-01-13 17:08:00,0.64,,United Kingdom
494395,22131,FOOD CONTAINER SET 3 LOVE HEART ,6,2010-01-14 10:35:00,1.95,14256,United Kingdom
494480,48187,DOOR MAT NEW ENGLAND,1,2010-01-14 16:16:00,6.75,15768,United Kingdom
494495,84968B,S/16 VINTAGE IVORY CUTLERY,4,2010-01-14 17:43:00,11.02,,United Kingdom
494638,22329,ROUND CONTAINER SET OF 5 RETROSPOT,1,2010-01-17 11:03:00,1.65,16782,United Kingdom
494784,18098C,PORCELAIN BUTTERFLY OIL BURNER,3,2010-01-18 13:20:00,2.51,,United Kingdom
494795,22414,DOORMAT NEIGHBOURHOOD WITCH ,1,2010-01-18 14:14:00,6.75,13110,United Kingdom
494804,20713,JUMBO BAG OWLS,10,2010-01-18 15:10:00,1.95,15298,United Kingdom
494814,90129F,RED GLASS TASSLE BAG CHARM,1,2010-01-19 09:05:00,1.66,,United Kingdom
494918,85097B,BLUE ROCKING SINGING CANARY,2,2010-01-19 17:49:00,7.62,,United Kingdom
495227,21165,BEWARE OF THE CAT METAL SIGN ,3,2010-01-21 19:11:00,1.69,14713,United Kingdom
495293,21754,HOME BUILDING BLOCK WORD,3,2010-01-22 13:09:00,5.95,16125,United Kingdom
495349,85167A,WHITE GRAND BAROQUE PHOTO FRAME,4,2010-01-24 10:50:00,4.25,15641,United Kingdom
495376,82483,WOOD 2 DRAWER CABINET WHITE FINISH,2,2010-01-24 13:24:00,5.95,15581,United Kingdom
495467,21929,JUMBO BAG PINK VINTAGE PAISLEY,10,2010-01-25 12:08:00,1.95,13001,United Kingdom
495503,22366,DOORMAT AIRMAIL ,3,2010-01-25 12:50:00,6.75,15858,United Kingdom
495680,22203,MILK PAN RED RETROSPOT,3,2010-01-26 11:39:00,3.75,15950,United Kingdom
496300,84378,SET OF 3 HEART COOKIE CUTTERS,12,2010-01-31 10:50:00,1.25,17412,United Kingdom
496308,21438,TUB 24 HANGING EASTER EGGS SPOTTY,5,2010-01-31 11:54:00,3.75,17625,United Kingdom
496431,72807C,SET/3 VANILLA SCENTED CANDLE IN BOX,2,2010-02-01 12:30:00,4.25,16415,United Kingdom
496487,22241,GARLAND WOODEN HAPPY EASTER,1,2010-02-01 17:13:00,2.51,,United Kingdom
496506,48185,DOOR MAT FAIRY CAKE,2,2010-02-02 10:15:00,6.75,15279,United Kingdom
496800,85142,JARDIN ETCHED GLASS GINGER JAR,1,2010-02-03 17:04:00,16.13,,United Kingdom
496882,21931,JUMBO STORAGE BAG SUKI,1,2010-02-04 14:13:00,1.95,15167,United Kingdom
497033,21181,PLEASE ONE PERSON METAL SIGN,6,2010-02-05 13:57:00,2.1,18170,United Kingdom
497205,79160,HEART SHAPE WIRELESS DOORBELL,2,2010-02-07 11:57:00,2.1,17841,United Kingdom
497212,22381,TOY TIDY PINK RETROSPOT  ,5,2010-02-07 13:30:00,2.1,18051,United Kingdom
497215,84536A,ENGLISH ROSE NOTEBOOK A7 SIZE,16,2010-02-07 14:11:00,0.42,13648,United Kingdom
497264,10002,INFLATABLE POLITICAL GLOBE ,1,2010-02-08 13:24:00,0.85,15967,United Kingdom
497267,22131,FOOD CONTAINER SET 3 LOVE HEART ,1,2010-02-08 13:29:00,1.95,16078,United Kingdom
497486,84510B,SET OF 4 FAIRY CAKES COASTERS ,10,2010-02-09 15:48:00,1.25,16841,United Kingdom
497630,21485,RED SPOT HEART HOT WATER BOTTLE,1,2010-02-11 13:10:00,4.95,17243,United Kingdom
498047,21900,"KEY FOB , SHED",24,2010-02-16 10:45:00,0.65,13381,United Kingdom
498095,22381,TOY TIDY PINK RETROSPOT  ,4,2010-02-16 12:50:00,2.1,16940,United Kingdom
498133,22266,EASTER DECORATION HANGING BUNNY,1,2010-02-16 17:24:00,1.28,,United Kingdom
498156,47566,PARTY BUNTING,20,2010-02-17 11:31:00,4.65,17888,United Kingdom
498433,21166,COOK WITH WINE METAL SIGN ,4,2010-02-18 17:50:00,1.95,13001,United Kingdom
498441,22173,METAL 4 HOOK HANGER FRENCH CHATEAU,1,2010-02-19 09:37:00,5.91,,United Kingdom
498508,21429,RED GINGHAM ROSE JEWELLERY BOX,8,2010-02-19 11:46:00,1.65,16574,United Kingdom
498527,21577,SAVE THE PLANET COTTON TOTE BAG,1,2010-02-19 13:53:00,2.25,17816,United Kingdom
498549,22498,WOODEN REGATTA BUNTING,1,2010-02-19 18:04:00,12.72,,United Kingdom
498734,21211,SET OF 72 SKULL PAPER  DOILIES,6,2010-02-22 15:52:00,1.45,17610,United Kingdom
499275,21380,WOODEN HAPPY BIRTHDAY GARLAND,6,2010-02-25 17:37:00,2.95,13652,United Kingdom
499502,21431,GREEN GINGHAM FLOWER JEWELLERY BOX,1,2010-02-28 15:01:00,1.65,14044,United Kingdom
499506,22114,HOT WATER BOTTLE TEA AND SYMPATHY,6,2010-02-28 16:00:00,3.95,15031,United Kingdom
499511,22352,LUNCHBOX WITH CUTLERY RETROSPOT ,6,2010-03-01 08:55:00,2.55,16717,United Kingdom
499631,21519,GIN & TONIC DIET GREETING CARD ,12,2010-03-01 13:29:00,0.42,12540,Spain
499665,21437,24 HANGING EASTER EGGS FLORAL TUB,4,2010-03-01 15:47:00,3.75,13979,United Kingdom
499789,85093,CANDY SPOT EGG WARMER HARE,4,2010-03-02 14:59:00,1.25,15311,United Kingdom
499874,22192,BLUE DINER WALL CLOCK,2,2010-03-03 08:42:00,8.5,16556,United Kingdom
499967,22411,JUMBO SHOPPER VINTAGE RED PAISLEY,10,2010-03-03 14:06:00,1.95,16636,United Kingdom
500234,20725,LUNCH BAG RED SPOTTY,5,2010-03-05 11:50:00,1.65,17841,United Kingdom
500326,22261,FELT EGG COSY WHITE RABBIT ,4,2010-03-07 12:25:00,0.85,14877,United Kingdom
500329,22383,LUNCH BAG SUKI  DESIGN ,3,2010-03-07 12:56:00,1.65,13764,United Kingdom
500347,22272,FELTCRAFT DOLL MARIA,6,2010-03-07 14:52:00,2.95,15631,United Kingdom
500663,82613A,"METAL SIGN,CUPCAKE SINGLE HOOK",8,2010-03-09 12:10:00,1.25,17700,United Kingdom
C500705,16237,SLEEPING CAT ERASERS,-30,2010-03-09 13:46:00,0.21,14748,United Kingdom
500874,21498,RED SPOTS  WRAP ,25,2010-03-10 13:43:00,0.42,16719,United Kingdom
500918,21110,LARGE CAKE TOWEL PINK SPOTS,1,2010-03-11 10:30:00,13.57,,United Kingdom
501080,84795D,SEASIDE STRIPE HAMMOCK,1,2010-03-12 11:19:00,16.98,,United Kingdom
501157,47592B,SCOTTIES DESIGN CHILD'S OVERALL,1,2010-03-14 16:18:00,2.1,16686,United Kingdom
501161,17012B,ORIGAMI JASMINE INCENSE/CANDLE SET,1,2010-03-15 09:28:00,5.06,,United Kingdom
501280,21173,LOO ROLL  METAL SIGN ,2,2010-03-15 14:13:00,1.65,17841,United Kingdom
501441,22262,FELT EGG COSY CHICKEN,4,2010-03-16 13:44:00,1.66,,United Kingdom
C501536,22215,CAKE STAND WHITE TWO TIER LACE,-3,2010-03-17 13:16:00,7.65,17511,United Kingdom
501572,21181,PLEASE ONE PERSON METAL SIGN,6,2010-03-18 09:12:00,2.1,16571,United Kingdom
501656,21745,GAOLERS KEYS DECORATIVE GARDEN ,1,2010-03-18 13:08:00,3.75,14648,United Kingdom
501877,22036,DINOSAUR BIRTHDAY CARD,12,2010-03-21 13:14:00,0.42,17611,United Kingdom
C502061,22385,JUMBO BAG SPACEBOY DESIGN,-1,2010-03-22 14:56:00,1.95,13093,United Kingdom
502113,22285,"DECORATION HEN ON NEST, HANGING",12,2010-03-23 11:01:00,1.65,15998,United Kingdom
502286,85049B,LUSH GREENS RIBBONS,6,2010-03-23 17:11:00,1.25,17576,United Kingdom
502336,21231,SWEETHEART CERAMIC TRINKET BOX,12,2010-03-24 10:45:00,1.25,13468,United Kingdom
502613,22554,PLASTERS IN TIN WOODLAND ANIMALS,2,2010-03-25 14:22:00,1.65,14535,United Kingdom
502768,20726,LUNCH BAG WOODLAND,1,2010-03-26 14:16:00,1.65,14994,United Kingdom
C502879,21321,GLASS CHALICE BLUE  LARGE ,-6,2010-03-29 10:37:00,2.55,18245,United Kingdom
503024,22357,KINGS CHOICE BISCUIT TIN,4,2010-03-29 15:03:00,4.25,16197,United Kingdom
503153,21579,LOLITA  DESIGN  COTTON TOTE BAG,48,2010-03-30 12:29:00,0.85,14298,United Kingdom
503158,85014B,RED/WHITE DOTS RUFFLED UMBRELLA,1,2010-03-30 12:50:00,5.95,15575,United Kingdom
503179,84978,HANGING HEART JAR T-LIGHT HOLDER,12,2010-03-30 14:05:00,1.25,15122,United Kingdom
503185,20846,ZINC HEART LATTICE T-LIGHT HOLDER,1,2010-03-30 14:29:00,2.51,,United Kingdom
C503202,21843,RETRO SPOT CAKE STAND,-1,2010-03-30 15:45:00,10.95,14016,EIRE
503260,22384,LUNCH BAG PINK RETROSPOT,2,2010-03-31 11:11:00,1.65,16393,United Kingdom
503341,20681,PINK SPOTTY CHILDS UMBRELLA,6,2010-03-31 12:57:00,3.25,17531,United Kingdom
503354,84990,60 GOLD AND SILVER FAIRY CAKE CASES,1,2010-03-31 13:40:00,0.55,15573,United Kingdom
503426,22557,PLASTERS IN TIN VINTAGE PAISLEY ,1,2010-03-31 17:28:00,3.36,,United Kingdom
503428,21216,"SET 3 RED SPOT TIN TEA,COFFEE,SUGAR",1,2010-03-31 17:31:00,11.02,,United Kingdom
503611,84978,HANGING HEART JAR T-LIGHT HOLDER,36,2010-04-06 10:43:00,1.06,18173,United Kingdom
503693,22329,ROUND CONTAINER SET OF 5 RETROSPOT,1,2010-04-06 12:45:00,1.65,16782,United Kingdom
503716,48138,DOOR MAT UNION FLAG,12,2010-04-06 15:08:00,6.35,14952,United Kingdom
503772,85123A,WHITE HANGING HEART T-LIGHT HOLDER,6,2010-04-07 10:59:00,2.95,13632,United Kingdom
503774,21440,12 MINI TOADSTOOL PEGS,1,2010-04-07 11:04:00,1.25,14606,United Kingdom
503940,21777,RECIPE BOX WITH METAL HEART,1,2010-04-08 14:47:00,16.98,,United Kingdom
503972,16050,TEATIME PENCIL WITH RUBBER,1,2010-04-08 17:44:00,0.25,17180,United Kingdom
504111,84872a,TEATIME FUNKY FLOWER BACKPACK FOR 2,2,2010-04-09 14:59:00,11.02,,United Kingdom
504161,22537,MAGIC DRAWING SLATE DINOSAUR,48,2010-04-11 15:54:00,0.42,15067,United Kingdom
504217,21672,WHITE SPOT RED CERAMIC DRAWER KNOB,12,2010-04-12 12:50:00,1.25,14844,United Kingdom
504440,21936,RED RETROSPOT PICNIC BAG,1,2010-04-13 14:02:00,2.95,13052,United Kingdom
504478,21039,RED SPOTTY SHOPPING BAG,12,2010-04-14 10:13:00,2.55,12682,France
504542,22379,RECYCLING BAG RETROSPOT ,50,2010-04-14 12:17:00,1.85,13694,United Kingdom
504552,16048,TEATIME ROUND PENCIL SHARPENER ,96,2010-04-14 13:27:00,0.12,16105,United Kingdom
504558,21612,SET 12 WILDFLOWER BOTANICAL T-LIGHT,2,2010-04-14 13:55:00,2.95,14344,United Kingdom
504695,21826,EIGHT PIECE DINOSAUR SET,3,2010-04-15 17:06:00,1.25,17799,United Kingdom
504918,84970S,HANGING HEART ZINC T-LIGHT HOLDER,6,2010-04-19 10:36:00,2.13,,United Kingdom
505085,21232,STRAWBERRY CERAMIC TRINKET BOX,24,2010-04-20 10:19:00,1.25,14611,United Kingdom
505142,22508,DOORSTOP RETROSPOT HEART,4,2010-04-20 11:19:00,3.75,17138,United Kingdom
505172,22087,PAPER BUNTING WHITE LACE,12,2010-04-20 12:52:00,2.95,16525,United Kingdom
505343,22185,SLATE TILE NATURAL HANGING,12,2010-04-21 13:23:00,1.65,16592,United Kingdom
C505395,21459,YELLOW EASTER EGG HUNT START POST,-5,2010-04-22 09:46:00,1.95,13081,United Kingdom
505464,22437,SET OF 9 BLACK SKULL BALLOONS,10,2010-04-22 11:52:00,0.85,13698,United Kingdom
505504,21683,MEDIUM MEDINA STAMPED METAL BOWL ,6,2010-04-22 14:09:00,2.95,16279,United Kingdom
505510,21186,WHITE DOVE HONEYCOMB PAPER GARLAND,3,2010-04-22 14:33:00,3.36,,United Kingdom
505643,21789,KIDS RAIN MAC PINK,24,2010-04-23 14:23:00,0.85,15245,United Kingdom
505736,22417,PACK OF 60 SPACEBOY CAKE CASES,24,2010-04-25 15:47:00,0.55,17160,United Kingdom
505743,71459,HANGING JAM JAR T-LIGHT HOLDER,12,2010-04-25 16:07:00,0.85,13152,United Kingdom
506223,22587,FELTCRAFT HAIRBAND RED AND BLUE,12,2010-04-28 11:54:00,0.85,16461,United Kingdom
506313,21867,PINK UNION JACK  LUGGAGE TAG,1,2010-04-29 11:18:00,2.51,,United Kingdom
506434,22284,HEN HOUSE DECORATION,5,2010-04-29 15:34:00,1.65,13173,United Kingdom
506475,22470,HEART OF WICKER LARGE,6,2010-04-30 10:08:00,2.95,13856,United Kingdom
506496,21212,PACK OF 72 RETRO SPOT CAKE CASES,19,2010-04-30 10:55:00,0.55,17005,United Kingdom
506724,47556B,TEA TIME TEA TOWELS ,1,2010-05-04 10:02:00,5.91,,United Kingdom
506840,22352,LUNCH BOX WITH CUTLERY RETROSPOT ,6,2010-05-04 13:59:00,2.55,12725,Italy
507054,22607,WOODEN ROUNDERS GARDEN SET ,4,2010-05-06 09:58:00,8.5,17002,United Kingdom
507396,21977,PACK OF 60 PINK PAISLEY CAKE CASES,24,2010-05-09 13:00:00,0.55,14911,EIRE
507417,22607,WOODEN ROUNDERS GARDEN SET ,2,2010-05-09 14:35:00,8.5,13425,United Kingdom
507421,21922,UNION STRIPE WITH FRINGE  HAMMOCK,2,2010-05-09 15:07:00,7.95,12748,United Kingdom
C507603,21390,FILIGRIS HEART WITH BUTTERFLY,-24,2010-05-10 13:40:00,1.25,16661,United Kingdom
507660,21218,RED SPOTTY BISCUIT TIN,2,2010-05-10 16:44:00,3.75,12675,Italy
507667,22568,FELTCRAFT CUSHION OWL,6,2010-05-10 17:21:00,3.75,12867,United Kingdom
508003,22386,JUMBO BAG PINK WITH WHITE SPOTS,1,2010-05-12 11:49:00,1.95,15012,United Kingdom
508094,21481,FAWN BLUE HOT WATER BOTTLE,140,2010-05-13 08:56:00,2.55,12931,United Kingdom
508195,84077,WORLD WAR 2 GLIDERS ASSTD DESIGNS,1152,2010-05-13 13:25:00,0.18,16754,United Kingdom
508220,21166,COOK WITH WINE METAL SIGN ,1,2010-05-13 15:21:00,1.95,18168,United Kingdom
508225,84946,ANTIQUE SILVER TEA GLASS ETCHED,6,2010-05-13 15:58:00,1.25,17432,United Kingdom
508237,22122,SET OF 2 FANCY FONT TEA TOWELS,4,2010-05-13 19:27:00,2.95,17965,United Kingdom
C508387,22467,GUMBALL COAT RACK,-3,2010-05-14 14:24:00,2.55,17677,United Kingdom
508493,79029,GLASS HONEYPOT WASP CATCHER,4,2010-05-16 13:27:00,1.95,17085,United Kingdom
509075,84914A,PINK ROSE PICNIC RUG,1,2010-05-20 11:42:00,25.95,,United Kingdom
509151,21447,12 IVORY ROSE PEG PLACE SETTINGS,24,2010-05-20 13:06:00,1.25,14606,United Kingdom
509167,21051,RIBBONS PURSE ,6,2010-05-20 14:50:00,2.1,13213,United Kingdom
509173,85049H,URBAN BLACK RIBBONS ,12,2010-05-20 15:51:00,1.25,17465,United Kingdom
509385,22117,METAL SIGN HER DINNER IS SERVED ,12,2010-05-21 16:37:00,2.55,14607,United Kingdom
509425,21260,FIRST AID TIN,6,2010-05-23 13:34:00,3.25,13778,United Kingdom
509428,21977,PACK OF 60 PINK PAISLEY CAKE CASES,2,2010-05-23 14:04:00,0.55,16549,United Kingdom
509533,82494L,WOODEN FRAME ANTIQUE WHITE ,10,2010-05-24 12:01:00,2.3,,United Kingdom
509581,84987,SET OF 36 TEATIME PAPER DOILIES,24,2010-05-24 14:43:00,1.45,14909,United Kingdom
509743,22448,PIN CUSHION RUSSIAN DOLL RED,1,2010-05-25 13:21:00,3.35,17841,United Kingdom
509810,22275,WEEKEND BAG VINTAGE ROSE PAISLEY,1,2010-05-25 17:22:00,8.5,17862,United Kingdom
509942,22135,LADLE LOVE HEART PINK,288,2010-05-26 12:41:00,0.36,16153,United Kingdom
509960,21179,NO JUNK MAIL METAL SIGN,1,2010-05-26 12:52:00,3.36,,United Kingdom
509962,21212,PACK OF 72 RETRO SPOT CAKE CASES,1,2010-05-26 12:54:00,1.28,,United Kingdom
510064,79030A,"TUMBLER, ENGLISH ROSE",1,2010-05-27 10:56:00,12.72,,United Kingdom
510228,20784,RED RETRO BAR STOOL,1,2010-05-28 09:16:00,34,,United Kingdom
510329,21557,SET OF 6 FUNKY BEAKERS,6,2010-05-28 13:23:00,2.95,17822,United Kingdom
510414,21974,SET OF 36 PAISLEY FLOWER DOILIES,2,2010-05-30 11:02:00,1.45,15555,United Kingdom
510422,22543,MINI JIGSAW BAKE A CAKE ,96,2010-05-30 11:49:00,0.42,16873,United Kingdom
510445,22505,MEMO BOARD COTTAGE DESIGN,1,2010-05-30 15:58:00,4.95,18069,United Kingdom
510637,21943,CAKES AND RABBITS DESIGN FLANNEL ,1,2010-06-02 11:54:00,1.66,,United Kingdom
510805,72803B,OCEAN SCENT CANDLE JEWELLED DRAWER,1,2010-06-03 19:01:00,4.25,16798,United Kingdom
511039,22434,BALLOON PUMP WITH 10 BALLOONS,6,2010-06-06 11:19:00,1.95,17589,United Kingdom
511097,22585,PACK OF 6 BIRDY GIFT TAGS,12,2010-06-06 15:53:00,1.25,16255,United Kingdom
511119,20970,PINK FLORAL FELTCRAFT SHOULDER BAG,8,2010-06-07 10:49:00,3.75,15366,United Kingdom
511123,21908,CHOCOLATE THIS WAY METAL SIGN,4,2010-06-07 10:56:00,2.1,17673,United Kingdom
511267,85123A,WHITE HANGING HEART T-LIGHT HOLDER,3,2010-06-07 12:59:00,2.95,13623,United Kingdom
511474,21212,PACK OF 72 RETRO SPOT CAKE CASES,1,2010-06-08 13:27:00,0.55,16791,United Kingdom
511474,22470,HEART OF WICKER LARGE,1,2010-06-08 13:27:00,2.95,16791,United Kingdom
511508,21165,BEWARE OF THE CAT METAL SIGN ,2,2010-06-08 15:25:00,4.21,,United Kingdom
511512,22328,ROUND SNACK BOXES SET OF 4 FRUITS ,1,2010-06-08 15:51:00,2.95,18145,United Kingdom
511669,85152,HAND OVER THE CHOCOLATE   SIGN ,4,2010-06-09 14:41:00,2.1,14099,United Kingdom
511796,22624,IVORY KITCHEN SCALES,4,2010-06-10 14:25:00,8.5,15734,United Kingdom
512116,35001W,HAND OPEN SHAPE DECO.WHITE,1,2010-06-13 14:53:00,3.49,17231,United Kingdom
512168,22096,PINK PAISLEY SQUARE TISSUE BOX ,1,2010-06-14 11:24:00,2.51,,United Kingdom
512276,79191C,RETRO PLASTIC ELEPHANT TRAY,12,2010-06-14 13:36:00,0.85,12637,France
512277,82583,HOT BATHS METAL SIGN,2,2010-06-14 13:42:00,2.1,16458,United Kingdom
512544,22379,RECYCLING BAG RETROSPOT ,10,2010-06-16 13:20:00,2.1,16327,United Kingdom
512694,22523,CHILDS GARDEN FORK PINK,2,2010-06-17 11:52:00,0.85,14710,United Kingdom
512740,85068,CREAM SWEETHEART SHELF + HOOKS,1,2010-06-17 14:15:00,7.95,16326,United Kingdom
512751,84620,BLUE GINGHAM ROSE CUSHION COVER,2,2010-06-17 15:08:00,5.95,17953,United Kingdom
512760,22089,PAPER BUNTING VINTAGE PAISLEY,6,2010-06-17 16:00:00,2.95,14422,United Kingdom
512802,16237,SLEEPING CAT ERASERS,2,2010-06-18 11:01:00,0.21,15483,United Kingdom
512922,84949,SILVER HANGING T-LIGHT HOLDER,6,2010-06-18 17:30:00,1.65,13676,United Kingdom
512946,22493,PAINT YOUR OWN CANVAS SET,6,2010-06-20 15:32:00,1.65,17625,United Kingdom
512952,22378,WALL TIDY RETROSPOT ,6,2010-06-21 09:56:00,2.1,16456,United Kingdom
513047,20622,VIPPASSPORT COVER ,1,2010-06-21 12:56:00,2.1,17841,United Kingdom
513080,21500,PINK SPOTS  WRAP ,25,2010-06-21 14:25:00,0.42,13982,United Kingdom
513101,22457,NATURAL SLATE HEART CHALKBOARD ,6,2010-06-21 15:51:00,2.95,16860,United Kingdom
513200,21417,COCKLE SHELL DISH,1,2010-06-22 16:28:00,4.21,,United Kingdom
513349,37495,FAIRY CAKE BIRTHDAY CANDLE SET,1,2010-06-24 11:28:00,3.75,14606,United Kingdom
513574,90201B,BLACK ENAMEL FLOWER RING,1,2010-06-25 15:13:00,2.96,,United Kingdom
513714,21175,GIN + TONIC DIET METAL SIGN,7,2010-06-28 11:57:00,2.1,17841,United Kingdom
513769,21330,WOODLAND ANIMAL  WRITING SET ,12,2010-06-28 13:44:00,1.65,12701,Germany
513952,20972,PINK CREAM FELT CRAFT TRINKET BOX ,1,2010-06-29 14:11:00,1.25,14049,United Kingdom
513998,21877,HOME SWEET HOME MUG,12,2010-06-30 09:12:00,1.25,16556,United Kingdom
514009,84077,WORLD WAR 2 GLIDERS ASSTD DESIGNS,48,2010-06-30 10:03:00,0.21,15755,United Kingdom
514097,82607A,GLASS BONBON JAR PARFUME AUX FLEURE,1,2010-06-30 12:27:00,2.51,,United Kingdom
514108,22449,SILK PURSE RUSSIAN DOLL PINK,4,2010-06-30 12:47:00,3.35,13756,United Kingdom
514520,84879,ASSORTED COLOUR BIRD ORNAMENT,32,2010-07-05 09:27:00,1.45,17850,United Kingdom
514693,22423,REGENCY CAKESTAND 3 TIER,3,2010-07-05 14:48:00,12.75,17287,United Kingdom
514732,21673,WHITE SPOT BLUE CERAMIC DRAWER KNOB,36,2010-07-06 09:56:00,1.06,15061,United Kingdom
514830,37503,TEA TIME CAKE STAND IN GIFT BOX,2,2010-07-06 13:56:00,10.75,12825,United Kingdom
515013,22260,FELT EGG COSY BLUE RABBIT ,1,2010-07-07 16:29:00,1.66,,United Kingdom
515149,22508,DOORSTOP RETROSPOT HEART,4,2010-07-08 14:45:00,3.75,12963,United Kingdom
515157,22558,CLOTHES PEGS RETROSPOT PACK 24 ,4,2010-07-08 15:30:00,1.25,13571,United Kingdom
515165,22459,CAST IRON HOOK GARDEN TROWEL,4,2010-07-08 16:08:00,2.55,13564,United Kingdom
515254,21377,SMALL CAMPHOR WOOD FIELD  MUSHROOM,2,2010-07-09 11:44:00,3.36,,United Kingdom
515348,21080,SET/20 RED SPOTTY PAPER NAPKINS ,96,2010-07-12 10:37:00,0.64,13802,United Kingdom
515406,21900,"KEY FOB , SHED",1,2010-07-12 11:59:00,0.65,14159,United Kingdom
515423,22055,MINI CAKE STAND  HANGING STRAWBERY,2,2010-07-12 13:26:00,1.65,17143,United Kingdom
515628,21244,BLUE  SPOTTY PLATE ,2,2010-07-14 10:19:00,1.69,,United Kingdom
516193,82581,TOILET METAL SIGN,12,2010-07-19 10:02:00,0.55,12696,Finland
516197,21982,PACK OF 12 SUKI TISSUES ,1,2010-07-19 10:31:00,0.85,,United Kingdom
516265,22423,REGENCY CAKESTAND 3 TIER,1,2010-07-19 12:07:00,12.75,16782,United Kingdom
516325,22379,RECYCLING BAG RETROSPOT ,5,2010-07-19 15:41:00,2.1,17651,United Kingdom
516494,20728,LUNCH BAG CARS BLUE,20,2010-07-21 10:42:00,1.65,13048,United Kingdom
516567,82567,"AIRLINE LOUNGE,METAL SIGN",12,2010-07-21 12:39:00,2.1,16529,United Kingdom
516609,15044B,BLUE PAPER PARASOL ,4,2010-07-21 14:39:00,2.95,17338,United Kingdom
516773,22536,MAGIC DRAWING SLATE PURDEY,48,2010-07-22 18:54:00,0.42,17092,United Kingdom
516944,21929,JUMBO BAG PINK VINTAGE PAISLEY,10,2010-07-25 14:57:00,1.95,15260,United Kingdom
517246,79029,GLASS HONEYPOT WASP CATCHER,6,2010-07-27 14:54:00,1.95,16835,United Kingdom
517251,47591D,PINK FAIRY CAKE CHILDRENS APRON,8,2010-07-27 15:14:00,1.95,13305,United Kingdom
517401,22355,CHARLOTTE BAG SUKI DESIGN,1,2010-07-29 10:26:00,1.66,,United Kingdom
517467,20703,BLUE PADDED SOFT MOBILE,3,2010-07-29 11:47:00,4.25,18075,United Kingdom
517824,20978,36 PENCILS TUBE SKULLS,2,2010-08-02 12:42:00,1.25,15990,United Kingdom
517847,72741,GRAND CHOCOLATECANDLE,9,2010-08-02 13:12:00,1.45,13089,United Kingdom
518062,22569,FELTCRAFT CUSHION BUTTERFLY,4,2010-08-04 12:22:00,3.75,15757,United Kingdom
518067,35095A,BLUE VICTORIAN FABRIC OVAL BOX,24,2010-08-04 12:54:00,0.42,15817,United Kingdom
518115,84773,RED ROSE AND LACE C/COVER,2,2010-08-04 14:41:00,2.95,12748,United Kingdom
518201,21892,TRADITIONAL WOODEN CATCH CUP GAME ,12,2010-08-05 11:30:00,1.25,17156,United Kingdom
518273,22083,PAPER CHAIN KIT RETRO SPOT,18,2010-08-06 09:28:00,2.95,16197,United Kingdom
518649,21282,NATURAL BARK CANDLE LARGE,9,2010-08-10 13:01:00,4.25,13501,Switzerland
518749,22436,12 COLOURED PARTY BALLOONS,20,2010-08-11 12:20:00,0.65,17677,United Kingdom
518775,22464,HANGING METAL HEART LANTERN,2,2010-08-11 15:46:00,3.36,,United Kingdom
519025,84836,ZINC METAL HEART DECORATION,12,2010-08-13 09:44:00,1.25,14239,United Kingdom
519192,20724,RED SPOTTY CHARLOTTE BAG,1,2010-08-13 16:58:00,0.85,14525,United Kingdom
519358,47597,NEW ENGLAND TEATOWELS,2,2010-08-16 12:36:00,1.66,,United Kingdom
519682,90175C,BLUE GLASS CHUNKY CHARM BRACELET,5,2010-08-19 12:48:00,8.95,16529,United Kingdom
519712,20725,LUNCH BAG RED SPOTTY,2,2010-08-19 15:28:00,1.65,16919,United Kingdom
519814,22230,JIGSAW TREE WITH WATERING CAN,12,2010-08-20 13:08:00,0.85,14911,EIRE
519889,37448,CERAMIC CAKE DESIGN SPOTTED MUG,6,2010-08-22 12:34:00,1.49,14878,United Kingdom
519931,85175,CACTI T-LIGHT CANDLES,16,2010-08-22 15:57:00,0.42,15547,United Kingdom
519933,21288,STRIPEY CHOCOLATE NESTING BOXES,2,2010-08-22 16:07:00,2.95,16409,United Kingdom
519994,22643,SET OF 4 NAPKIN CHARMS LEAVES   ,6,2010-08-23 11:31:00,2.55,14249,United Kingdom
520384,20695,FLORAL BLUE MONSTER,3,2010-08-25 14:58:00,4.25,17470,United Kingdom
520568,22365,DOORMAT RESPECTABLE HOUSE,10,2010-08-26 18:32:00,6.35,14031,United Kingdom
520678,20974,12 PENCILS SMALL TUBE SKULL,1,2010-08-27 14:52:00,0.65,15271,United Kingdom
520700,M,Manual,1,2010-08-29 11:31:00,2.1,15976,United Kingdom
520771,48185,DOORMAT FAIRY CAKE,19,2010-08-31 11:20:00,16.98,,United Kingdom
520815,20972,PINK CREAM FELT CRAFT TRINKET BOX ,2,2010-08-31 11:40:00,1.25,15910,United Kingdom
520815,21791,VINTAGE HEADS AND TAILS CARD GAME ,2,2010-08-31 11:40:00,1.25,15910,United Kingdom
520825,22622,BOX OF VINTAGE ALPHABET BLOCKS,2,2010-08-31 12:35:00,9.95,14433,United Kingdom
521031,21982,PACK OF 12 SUKI TISSUES ,3,2010-09-01 17:17:00,0.85,,United Kingdom
521159,85099F,JUMBO BAG STRAWBERRY,10,2010-09-02 13:57:00,1.95,16779,United Kingdom
521180,20727,LUNCH BAG  BLACK SKULL.,10,2010-09-02 16:01:00,1.65,12937,United Kingdom
521182,20819,SILVER TEDDY BEAR,24,2010-09-02 16:14:00,1.25,14298,United Kingdom
521214,21121,SET/10 RED SPOTTY PARTY CANDLES,24,2010-09-03 09:27:00,1.25,12683,France
521378,84946,ANTIQUE SILVER TEA GLASS ETCHED,12,2010-09-05 12:05:00,1.25,16434,United Kingdom
C521382,85161,ACRYLIC GEOMETRIC LAMP,-1,2010-09-05 12:43:00,18.95,15751,United Kingdom
521570,84997A,GREEN 3 PIECE MINI DOTS CUTLERY SET,2,2010-09-07 11:43:00,3.75,15039,United Kingdom
521699,22620,4 TRADITIONAL SPINNING TOPS,12,2010-09-08 10:43:00,1.25,13450,United Kingdom
521811,22037,ROBOT BIRTHDAY CARD,12,2010-09-08 14:57:00,0.42,16713,United Kingdom
521912,21232,STRAWBERRY CERAMIC TRINKET BOX,3,2010-09-09 13:23:00,1.25,15005,United Kingdom
521932,22386,JUMBO BAG PINK WITH WHITE SPOTS,4,2010-09-09 15:49:00,4.21,,United Kingdom
521969,21116,OWL DOORSTOP,3,2010-09-09 19:03:00,4.95,17473,United Kingdom
C521998,22750,FELTCRAFT PRINCESS LOLA DOLL,-4,2010-09-10 11:07:00,3.75,12921,United Kingdom
522097,85170A,SET/6 IVORY BIRD T-LIGHT CANDLES,3,2010-09-12 13:49:00,2.1,14898,United Kingdom
522102,21826,EIGHT PIECE DINOSAUR SET,4,2010-09-12 14:05:00,1.25,13148,United Kingdom
522170,20725,LUNCH BAG RED SPOTTY,10,2010-09-13 11:28:00,1.65,17644,United Kingdom
522289,22045,SPACEBOY GIFT WRAP,25,2010-09-13 13:52:00,0.42,16684,United Kingdom
522461,22561,WOODEN SCHOOL COLOURING SET,6,2010-09-14 16:15:00,1.65,14381,United Kingdom
522622,22630,DOLLY GIRL LUNCH BOX,2,2010-09-15 15:32:00,1.95,17589,United Kingdom
522625,84836,ZINC METAL HEART DECORATION,5,2010-09-15 16:17:00,1.25,17392,United Kingdom
522835,22548,HEADS AND TAILS SPORTING FUN,12,2010-09-17 10:37:00,1.25,15362,United Kingdom
522902,22380,TOY TIDY SPACEBOY  ,5,2010-09-17 12:29:00,2.1,12554,Spain
522977,22150,3 STRIPEY MICE FELTCRAFT,2,2010-09-19 13:45:00,1.95,15483,United Kingdom
522999,22523,CHILDS GARDEN FORK PINK,1,2010-09-19 15:53:00,0.85,17255,United Kingdom
523150,84754,S/15 SILVER GLASS BAUBLES IN BAG,5,2010-09-20 14:52:00,2.51,,United Kingdom
523163,22221,CAKE STAND LOVEBIRD 2 TIER PINK,2,2010-09-20 15:31:00,9.95,12417,Belgium
523291,22372,AIRLINE BAG VINTAGE WORLD CHAMPION ,1,2010-09-21 12:22:00,4.25,14534,United Kingdom
523305,21123,SET/10 IVORY SPOTTY PARTY CANDLES,1,2010-09-21 12:49:00,1.25,12751,Brazil
523374,82486,WOOD S/3 CABINET ANT WHITE FINISH,4,2010-09-21 19:10:00,6.95,17850,United Kingdom
523515,84991,60 TEATIME FAIRY CAKE CASES,2,2010-09-22 12:44:00,0.55,15039,United Kingdom
523535,22659,LUNCH BOX I LOVE LONDON,1,2010-09-22 13:39:00,1.95,17068,United Kingdom
523792,22382,LUNCH BAG SPACEBOY DESIGN ,1,2010-09-24 11:34:00,1.65,14994,United Kingdom
524113,35961,FOLKART ZINC HEART CHRISTMAS DEC,12,2010-09-27 13:36:00,0.85,13897,United Kingdom
524153,22147,FELTCRAFT BUTTERFLY HEARTS,1,2010-09-27 15:56:00,3.36,,United Kingdom
524327,21242,RED RETROSPOT PLATE ,2,2010-09-28 15:07:00,3.36,,United Kingdom
524944,22469,HEART OF WICKER SMALL,2,2010-10-01 12:24:00,1.65,15276,United Kingdom
524965,22047,EMPIRE GIFT WRAP,25,2010-10-01 14:07:00,0.42,17555,United Kingdom
525064,22156,HEART DECORATION WITH PEARLS ,36,2010-10-03 14:23:00,0.85,13032,United Kingdom
525071,22544,MINI JIGSAW SPACEBOY,24,2010-10-03 14:50:00,0.42,12583,France
525114,21830,ASSORTED CREEPY CRAWLIES,24,2010-10-04 11:33:00,0.42,18284,United Kingdom
525219,21181,PLEASE ONE PERSON METAL SIGN,24,2010-10-04 12:48:00,2.1,14905,United Kingdom
525231,21768,WALL MOUNTED VINTAGE ORGANISER,1,2010-10-04 14:10:00,14.95,12849,United Kingdom
525431,22030,SWALLOWS GREETING CARD,12,2010-10-05 13:14:00,0.42,16300,United Kingdom
525753,22544,MINI JIGSAW SPACEBOY,1,2010-10-07 10:19:00,0.85,,United Kingdom
525755,22910,PAPER CHAIN KIT VINTAGE CHRISTMAS,2,2010-10-07 10:23:00,5.91,,United Kingdom
525882,21509,COWBOYS AND INDIANS BIRTHDAY CARD ,1,2010-10-07 14:28:00,0.85,,United Kingdom
525882,85099B,JUMBO BAG RED RETROSPOT,6,2010-10-07 14:28:00,4.21,,United Kingdom
525959,20748,KENSINGTON COFFEE SET,4,2010-10-07 19:51:00,12.75,16111,United Kingdom
526204,22750,FELTCRAFT PRINCESS LOLA DOLL,3,2010-10-10 13:23:00,3.75,14040,United Kingdom
526217,85099B,JUMBO BAG RED RETROSPOT,1,2010-10-10 14:30:00,1.95,14390,United Kingdom
526230,21984,PACK OF 12 PINK PAISLEY TISSUES ,24,2010-10-10 15:27:00,0.29,13362,United Kingdom
526638,20735,BLACK MINI TAPE MEASURE ,2,2010-10-12 13:19:00,0.85,,United Kingdom
526754,21030,SPACE CADET RED,5,2010-10-13 10:17:00,1.25,17604,United Kingdom
526909,22617,BAKING SET SPACEBOY DESIGN,2,2010-10-13 15:37:00,4.95,16918,United Kingdom
527062,22597,CHRISTMAS MUSICAL ZINC HEART ,12,2010-10-14 13:38:00,0.85,15735,United Kingdom
527366,22440,BALLOON WATER BOMB PACK OF 35,1,2010-10-17 11:24:00,0.42,15571,United Kingdom
527428,22695,WICKER WREATH SMALL,1,2010-10-17 16:17:00,1.45,16283,United Kingdom
527728,84536B,FAIRY CAKES NOTEBOOK A7 SIZE,1,2010-10-18 15:44:00,0.85,,United Kingdom
527759,84944,SET OF 6 KASHMIR FOLKART BAUBLES,3,2010-10-18 17:11:00,4.25,14572,United Kingdom
527773,21326,AGED GLASS SILVER T-LIGHT HOLDER,24,2010-10-19 10:23:00,0.65,16045,United Kingdom
527789,22275,WEEKEND BAG VINTAGE ROSE PAISLEY,1,2010-10-19 11:10:00,16.98,,United Kingdom
527884,84905,PINK BUTTERFLY CUSHION COVER ,6,2010-10-19 12:01:00,4.95,15886,United Kingdom
527908,22145,CHRISTMAS CRAFT HEART STOCKING ,6,2010-10-19 12:48:00,2.1,13975,United Kingdom
527951,22768,FAMILY PHOTO FRAME CORNICE,1,2010-10-19 15:36:00,9.95,,United Kingdom
528081,47566B,TEA TIME PARTY BUNTING,1,2010-10-20 12:52:00,4.65,12872,United Kingdom
528082,22866,HAND WARMER SCOTTY DOG DESIGN,1,2010-10-20 12:53:00,2.1,16521,United Kingdom
528102,22748,POPPY'S PLAYHOUSE KITCHEN,1,2010-10-20 13:40:00,2.1,15572,United Kingdom
528147,21015,DARK BIRD HOUSE TREE DECORATION,24,2010-10-20 16:04:00,0.85,17038,United Kingdom
528263,22865,HAND WARMER OWL DESIGN,1,2010-10-21 11:52:00,2.1,16412,United Kingdom
528372,21174,POTTERING IN THE SHED METAL SIGN,1,2010-10-21 16:55:00,1.95,17290,United Kingdom
528593,22679,"FRENCH BLUE METAL DOOR SIGN, 4",1,2010-10-22 14:23:00,2.51,,United Kingdom
528616,22083,PAPER CHAIN KIT RETROSPOT,40,2010-10-22 17:01:00,2.55,15485,United Kingdom
529077,10133,COLOURING PENCILS BROWN TUBE,1,2010-10-26 12:54:00,0.85,16372,United Kingdom
529201,20677,PINK POLKADOT BOWL,8,2010-10-27 09:52:00,1.25,12563,Italy
529325,22867,HAND WARMER BIRD DESIGN,3,2010-10-27 14:10:00,4.21,,United Kingdom
529366,21257,VICTORIAN SEWING BOX MEDIUM,1,2010-10-28 10:00:00,16.13,,United Kingdom
529503,22080,RIBBON REEL POLKADOTS ,5,2010-10-28 14:15:00,1.65,16343,United Kingdom
529518,21613,S/12 VANILLA  BOTANICAL T-LIGHTS,12,2010-10-28 15:29:00,2.95,17853,United Kingdom
529557,21232,STRAWBERRY CERAMIC TRINKET BOX,6,2010-10-28 17:46:00,1.25,14714,United Kingdom
529587,90129E,PURPLE GLASS TASSLE BAG CHARM,12,2010-10-28 19:51:00,2.95,13780,United Kingdom
529616,22910,PAPER CHAIN KIT VINTAGE CHRISTMAS,10,2010-10-29 11:00:00,2.95,14901,United Kingdom
529842,22749,FELTCRAFT PRINCESS CHARLOTTE DOLL,1,2010-10-31 12:52:00,3.75,15038,United Kingdom
529934,21531,RED RETROSPOT SUGAR JAM BOWL,2,2010-10-31 14:25:00,2.55,14415,United Kingdom
530350,22080,RIBBON REEL POLKADOTS ,2,2010-11-02 15:48:00,1.65,14506,United Kingdom
530371,22907,PACK OF 20 NAPKINS PANTRY DESIGN,10,2010-11-02 16:18:00,0.85,15727,United Kingdom
530514,21731,RED TOADSTOOL LED NIGHT LIGHT,288,2010-11-03 12:23:00,1.45,14646,Netherlands
531027,22459,CAST IRON HOOK GARDEN TROWEL,1,2010-11-05 11:49:00,2.55,13118,United Kingdom
531302,22547,MINI JIGSAW DINOSAUR ,8,2010-11-07 12:03:00,0.42,16904,United Kingdom
531478,21484,CHICK GREY HOT WATER BOTTLE,8,2010-11-08 14:20:00,3.45,17084,United Kingdom
531545,85123A,WHITE HANGING HEART T-LIGHT HOLDER,32,2010-11-09 08:24:00,2.55,14275,United Kingdom
531567,84880,WHITE WIRE EGG HOLDER,3,2010-11-09 10:31:00,5.95,14867,United Kingdom
531741,22328,ROUND SNACK BOXES SET OF 4 FRUITS ,12,2010-11-09 12:48:00,2.95,12682,France
531774,22212,FOUR HOOK  WHITE LOVEBIRDS,6,2010-11-09 14:41:00,2.1,13715,United Kingdom
531776,21823,PAINTED METAL HEART WITH HOLLY BELL,12,2010-11-09 14:42:00,1.45,14911,EIRE
531843,84378,SET OF 3 HEART COOKIE CUTTERS,1,2010-11-10 09:34:00,2.51,,United Kingdom
531863,37461,FUNKY MONKEY MUG,1,2010-11-10 10:50:00,1.25,13671,United Kingdom
531971,22113,GREY HEART HOT WATER BOTTLE,8,2010-11-10 12:24:00,3.75,13464,United Kingdom
532061,79321,CHILLI LIGHTS,48,2010-11-10 14:44:00,4.25,17695,United Kingdom
532109,82482,WOODEN PICTURE FRAME WHITE FINISH,12,2010-11-10 16:40:00,2.55,12666,Israel
532159,22386,JUMBO BAG PINK POLKADOT,10,2010-11-11 12:18:00,1.95,16945,United Kingdom
532169,21974,SET OF 36 PAISLEY FLOWER DOILIES,12,2010-11-11 12:20:00,1.45,13614,United Kingdom
532291,22539,MINI JIGSAW DOLLY GIRL,3,2010-11-11 13:27:00,0.42,16284,United Kingdom
532315,84879,ASSORTED COLOUR BIRD ORNAMENT,8,2010-11-11 14:42:00,1.69,17980,United Kingdom
532548,21912,VINTAGE SNAKES & LADDERS,4,2010-11-12 12:15:00,3.75,17210,United Kingdom
532663,84992,72 SWEETHEART FAIRY CAKE CASES,24,2010-11-14 11:32:00,0.55,14936,Channel Islands
532807,22114,HOT WATER BOTTLE TEA AND SYMPATHY,1,2010-11-14 15:17:00,3.95,17841,United Kingdom
532826,21870,I CAN ONLY PLEASE ONE PERSON MUG,3,2010-11-15 09:32:00,3.36,,United Kingdom
532935,21430,SET/3 RED GINGHAM ROSE STORAGE BOX,16,2010-11-15 12:06:00,3.75,16314,United Kingdom
532991,85123A,WHITE HANGING HEART T-LIGHT HOLDER,24,2010-11-15 14:15:00,2.95,13094,United Kingdom
533003,82484,WOOD BLACK BOARD ANT WHITE FINISH,2,2010-11-15 15:03:00,6.45,16399,United Kingdom
533027,22598,CHRISTMAS MUSICAL ZINC TREE,12,2010-11-15 16:02:00,1.95,,United Kingdom
533066,22456,NATURAL SLATE CHALKBOARD LARGE ,2,2010-11-15 17:11:00,4.95,15164,United Kingdom
533074,21733,RED HANGING HEART T-LIGHT HOLDER,32,2010-11-16 07:52:00,2.55,14298,United Kingdom
533091,22804,CANDLEHOLDER PINK HANGING HEART,6,2010-11-16 10:24:00,2.95,14907,United Kingdom
533152,22144,CHRISTMAS CRAFT LITTLE FRIENDS,2,2010-11-16 13:57:00,2.1,15005,United Kingdom
533291,85123A,WHITE HANGING HEART T-LIGHT HOLDER,12,2010-11-16 15:55:00,2.95,12747,United Kingdom
533301,21983,PACK OF 12 BLUE PAISLEY TISSUES ,12,2010-11-16 16:46:00,0.29,15811,United Kingdom
533364,72351a,SET/6 TURQUOISE BUTTERFLY T-LIGHTS,1,2010-11-17 10:12:00,4.21,,United Kingdom
533444,22539,MINI JIGSAW DOLLY GIRL,24,2010-11-17 11:33:00,0.42,12423,Belgium
533568,22441,GROW YOUR OWN BASIL IN ENAMEL MUG,8,2010-11-18 10:32:00,2.1,14032,United Kingdom
533736,21804,WHITE CHRISTMAS GARLAND STARS TREES,1,2010-11-18 13:51:00,3.75,16089,United Kingdom
533740,22174,PHOTO CUBE,3,2010-11-18 14:07:00,3.36,,United Kingdom
533951,22152,PLACE SETTING WHITE STAR,12,2010-11-19 12:42:00,0.42,16814,United Kingdom
533986,48116,DOORMAT MULTICOLOUR STRIPE,1,2010-11-19 13:52:00,7.95,18036,United Kingdom
533996,22413,METAL SIGN TAKE IT OR LEAVE IT ,6,2010-11-19 14:14:00,2.95,17865,United Kingdom
533996,82582,AREA PATROLLED METAL SIGN,72,2010-11-19 14:14:00,1.69,17865,United Kingdom
534006,22694,WICKER STAR ,2,2010-11-19 14:29:00,5.06,,United Kingdom
534164,22851,SET 20 NAPKINS FAIRY CAKES DESIGN ,1,2010-11-21 13:13:00,0.85,16241,United Kingdom
534168,22544,MINI JIGSAW SPACEBOY,5,2010-11-21 13:23:00,0.42,16367,United Kingdom
534388,22533,MAGIC DRAWING SLATE BAKE A CAKE ,1,2010-11-22 12:59:00,0.42,14994,United Kingdom
534388,22557,PLASTERS IN TIN VINTAGE PAISLEY ,3,2010-11-22 12:59:00,1.65,14994,United Kingdom
534389,22299,PIG KEYRING WITH LIGHT & SOUND ,1,2010-11-22 13:02:00,2.51,,United Kingdom
534405,22941,CHRISTMAS LIGHTS 10 REINDEER,4,2010-11-22 14:17:00,8.5,17690,United Kingdom
534640,21870,I CAN ONLY PLEASE ONE PERSON MUG,24,2010-11-23 13:02:00,1.25,13089,United Kingdom
534645,22632,HAND WARMER RED RETROSPOT,1,2010-11-23 13:07:00,2.1,15719,United Kingdom
534656,85032D,YULETIDE IMAGES GIFT WRAP SET,6,2010-11-23 13:36:00,2.1,13869,United Kingdom
534756,21892,TRADITIONAL WOODEN CATCH CUP GAME ,1,2010-11-24 10:03:00,2.51,,United Kingdom
534756,22166,WALL MIRROR RECTANGLE DIAMANTE PINK,3,2010-11-24 10:03:00,16.13,,United Kingdom
534816,84946,ANTIQUE SILVER TEA GLASS ETCHED,72,2010-11-24 12:49:00,1.06,16839,United Kingdom
534886,22851,SET 20 NAPKINS FAIRY CAKES DESIGN ,2,2010-11-24 14:49:00,0.85,,Portugal
535066,20823,GOLD WINE GOBLET,4,2010-11-24 17:11:00,4.65,12933,United Kingdom
535266,84534B,FAIRY CAKE NOTEBOOK A5 SIZE,2,2010-11-25 13:32:00,0.85,14159,United Kingdom
535322,22197,SMALL POPCORN HOLDER,16,2010-11-25 15:19:00,1.66,,United Kingdom
535322,20914,SET/5 RED RETROSPOT LID GLASS BOWLS,5,2010-11-25 15:19:00,5.91,,United Kingdom
535407,22544,MINI JIGSAW SPACEBOY,1,2010-11-26 11:20:00,0.85,,United Kingdom
535409,21136,PAINTED METAL PEARS ASSORTED,16,2010-11-26 11:24:00,1.69,14507,United Kingdom
535427,22974,CHILDRENS DOLLY GIRL MUG,2,2010-11-26 12:05:00,1.65,15872,United Kingdom
535654,85036C,ROSE 1 WICK MORRIS BOXED CANDLE,2,2010-11-28 11:08:00,4.25,17580,United Kingdom
535676,22961,JAM MAKING SET PRINTED,1,2010-11-28 12:14:00,1.45,15037,United Kingdom
535677,16237,SLEEPING CAT ERASERS,9,2010-11-28 12:15:00,0.21,14546,United Kingdom
535684,22147,FELTCRAFT BUTTERFLY HEARTS,2,2010-11-28 12:49:00,1.45,16359,United Kingdom
535791,22952,60 CAKE CASES VINTAGE CHRISTMAS,12,2010-11-28 14:28:00,0.55,13230,United Kingdom
C535941,22946,WOODEN ADVENT CALENDAR CREAM,-1,2010-11-29 11:49:00,16.95,16161,United Kingdom
535958,22112,CHOCOLATE HOT WATER BOTTLE,2,2010-11-29 12:33:00,4.95,16161,United Kingdom
536000,85040B,SET/4 BLUE FLOWER CANDLES IN BOWL,1,2010-11-29 14:13:00,1.65,14606,United Kingdom
536031,21519,GIN & TONIC DIET GREETING CARD ,1,2010-11-29 16:45:00,0.85,,United Kingdom
536179,22866,HAND WARMER SCOTTY DOG DESIGN,10,2010-11-30 12:21:00,2.1,16393,United Kingdom
536324,21976,PACK OF 60 MUSHROOM CAKE CASES,120,2010-11-30 16:25:00,0.42,14646,Netherlands
536366,22632,HAND WARMER RED POLKA DOT,6,2010-12-01 08:28:00,1.85,17850,United Kingdom
536394,22349,DOG BOWL CHASING BALL DESIGN,12,2010-12-01 10:39:00,3.75,13408,United Kingdom
536529,22947,WOODEN ADVENT CALENDAR RED,2,2010-12-01 13:20:00,16.95,14237,United Kingdom
536532,21212,PACK OF 72 RETROSPOT CAKE CASES,24,2010-12-01 13:24:00,0.55,12433,Norway
536544,22583,PACK OF 6 HANDBAG GIFT BOXES,1,2010-12-01 14:32:00,5.06,,United Kingdom
536592,20696,FLORAL SOFT CAR TOY,1,2010-12-01 17:06:00,7.62,,United Kingdom
536630,71053,WHITE METAL LANTERN,6,2010-12-02 10:56:00,3.39,17850,United Kingdom
536785,20963,APPLE BATH SPONGE,100,2010-12-02 15:22:00,1.25,15061,United Kingdom
536796,21030,SPACE CADET RED,1,2010-12-02 15:46:00,1.25,15574,United Kingdom
536865,22300,COFFEE MUG DOG + BALL DESIGN,1,2010-12-03 11:28:00,5.06,,United Kingdom
537144,21110,LARGE CAKE TOWEL PINK SPOTS,1,2010-12-05 13:00:00,6.75,15880,United Kingdom
537192,21147,JINGLE BELLS TREE DECORATION,1,2010-12-05 13:42:00,2.1,16402,United Kingdom
537212,84920,PINK FLOWER FABRIC PONY,4,2010-12-05 15:21:00,3.75,12720,Germany
537237,22788,BROCANTE COAT RACK,1,2010-12-06 09:58:00,20.38,,United Kingdom
537240,21314,SMALL GLASS HEART TRINKET POT,4,2010-12-06 10:08:00,4.21,,United Kingdom
537240,84459B,YELLOW METAL CHICKEN HEART ,1,2010-12-06 10:08:00,3.36,,United Kingdom
537254,22579,WOODEN TREE CHRISTMAS SCANDINAVIAN,1,2010-12-06 11:01:00,0.85,15898,United Kingdom
537301,21034,REX CASH+CARRY JUMBO SHOPPER,1,2010-12-06 11:38:00,0.95,15860,United Kingdom
537400,71053,WHITE METAL LANTERN,2,2010-12-06 14:36:00,3.75,17191,United Kingdom
537404,21336,GOLD WASHBAG,1,2010-12-06 14:46:00,2.95,17191,United Kingdom
537418,22952,60 CAKE CASES VINTAGE CHRISTMAS,1,2010-12-06 15:13:00,0.55,17884,United Kingdom
C537530,85047,WHITE BEADED GARLAND STRING 20LIGHT,-2,2010-12-07 11:47:00,6.35,13319,United Kingdom
537641,22468,BABUSHKA LIGHTS STRING OF 10,1,2010-12-07 15:32:00,13.57,,United Kingdom
537666,84884A,ANT WHITE WIRE HEART SPIRAL,2,2010-12-07 18:36:00,8.47,,United Kingdom
537792,21584,RETROSPOT SMALL TUBE MATCHES,12,2010-12-08 12:56:00,1.65,16385,United Kingdom
537794,84029G,KNITTED UNION FLAG HOT WATER BOTTLE,2,2010-12-08 13:01:00,3.75,16713,United Kingdom
537855,84792,ENCHANTED BIRD COATHANGER 5 HOOK,1,2010-12-08 15:59:00,4.65,15996,United Kingdom
537955,85053,FRENCH ENAMEL CANDLEHOLDER,1,2010-12-09 11:28:00,2.1,16782,United Kingdom
537995,22550,HOLIDAY FUN LUDO,4,2010-12-09 11:39:00,3.75,12712,Germany
538071,22376,AIRLINE BAG VINTAGE JET SET WHITE,1,2010-12-09 14:09:00,8.47,,United Kingdom
538153,22144,CHRISTMAS CRAFT LITTLE FRIENDS,1,2010-12-09 16:31:00,4.21,,United Kingdom
536396,82486,WOOD S/3 CABINET ANT WHITE FINISH,4,2010-12-01 10:51:00,6.95,17850,United Kingdom
536477,22041,"RECORD FRAME 7"" SINGLE SIZE ",48,2010-12-01 12:27:00,2.1,16210,United Kingdom
536544,21982,PACK OF 12 SUKI TISSUES ,1,2010-12-01 14:32:00,0.85,,United Kingdom
536557,21935,SUKI  SHOULDER BAG,4,2010-12-01 14:41:00,1.65,17841,United Kingdom
536592,21801,CHRISTMAS TREE DECORATION WITH BELL,10,2010-12-01 17:06:00,0.43,,United Kingdom
536638,85216,ASSORTED CAKES FRIDGE MAGNETS,12,2010-12-02 11:41:00,0.65,16244,United Kingdom
536754,20760,GARDEN PATH POCKET BOOK,1,2010-12-02 14:09:00,0.85,14449,United Kingdom
536754,22384,LUNCH BAG PINK POLKADOT,3,2010-12-02 14:09:00,1.65,14449,United Kingdom
536876,75131,METAL TUBE CHIME ON BAMBOO,1,2010-12-03 11:36:00,3.36,,United Kingdom
536876,21868,POTTING SHED TEA MUG,2,2010-12-03 11:36:00,3.36,,United Kingdom
536945,22635,CHILDS BREAKFAST SET DOLLY GIRL ,1,2010-12-03 12:24:00,9.95,14083,United Kingdom
537209,85231G,ORANGE SCENTED SET/9 T-LIGHTS,1,2010-12-05 15:12:00,0.85,14606,United Kingdom
537240,22174,PHOTO CUBE,2,2010-12-06 10:08:00,3.36,,United Kingdom
537382,22834,HAND WARMER BABUSHKA DESIGN,7,2010-12-06 13:13:00,2.1,16710,United Kingdom
537567,22438,BALLOON ART MAKE YOUR OWN FLOWERS,1,2010-12-07 11:59:00,1.95,18119,United Kingdom
537642,22619,SET OF 6 SOLDIER SKITTLES,1,2010-12-07 15:33:00,7.62,,United Kingdom
537823,22423,REGENCY CAKESTAND 3 TIER,2,2010-12-08 14:25:00,25.49,,United Kingdom
538068,22909,SET OF 20 VINTAGE CHRISTMAS NAPKINS,3,2010-12-09 14:05:00,0.85,17978,United Kingdom
538177,21001,ROSE DU SUD WASHBAG ,1,2010-12-10 09:51:00,4.21,,United Kingdom
538263,22619,SET OF 6 SOLDIER SKITTLES,4,2010-12-10 12:44:00,3.75,18065,United Kingdom
538349,85152,HAND OVER THE CHOCOLATE   SIGN ,2,2010-12-10 14:59:00,4.21,,United Kingdom
538511,22747,POPPY'S PLAYHOUSE BATHROOM,1,2010-12-12 13:56:00,2.1,13959,United Kingdom
538524,21218,RED SPOTTY BISCUIT TIN,2,2010-12-13 09:35:00,8.47,,United Kingdom
538625,21671,RED SPOT CERAMIC DRAWER KNOB,12,2010-12-13 12:50:00,1.25,14544,United Kingdom
538796,22114,HOT WATER BOTTLE TEA AND SYMPATHY,4,2010-12-14 11:43:00,3.95,17041,United Kingdom
538877,22554,PLASTERS IN TIN WOODLAND ANIMALS,2,2010-12-14 15:29:00,4.21,,United Kingdom
539004,22722,SET OF 6 SPICE TINS PANTRY DESIGN,24,2010-12-15 12:43:00,3.45,13426,United Kingdom
539007,22494,EMERGENCY FIRST AID TIN ,1,2010-12-15 13:00:00,1.25,17894,United Kingdom
539014,21808,"CHRISTMAS GARLAND STARS,TREES",12,2010-12-15 13:37:00,3.75,17692,United Kingdom
539019,46000P,POLYESTER FILLER PAD 65CMx65CM,4,2010-12-15 14:12:00,4.25,17551,United Kingdom
539039,22662,LUNCH BAG DOLLY GIRL DESIGN,20,2010-12-15 15:00:00,1.65,13124,United Kingdom
539088,22621,TRADITIONAL KNITTING NANCY,48,2010-12-16 09:45:00,1.25,13093,United Kingdom
539185,20975,12 PENCILS SMALL TUBE RED RETROSPOT,3,2010-12-16 11:53:00,0.65,16470,United Kingdom
539211,22811,SET OF 6 T-LIGHTS CACTI ,1,2010-12-16 12:15:00,2.95,16743,United Kingdom
539242,21192,WHITE BELL HONEYCOMB PAPER ,3,2010-12-16 13:16:00,1.65,,United Kingdom
539243,84968F,SET OF 16 VINTAGE SKY BLUE CUTLERY,1,2010-12-16 13:21:00,12.75,18116,United Kingdom
539294,22465,HANGING METAL STAR LANTERN,1,2010-12-16 16:45:00,1.65,15532,United Kingdom
539318,21725,SWEETIES  STICKERS,48,2010-12-16 19:09:00,0.85,12348,Finland
539321,85123A,WHITE HANGING HEART T-LIGHT HOLDER,2,2010-12-16 19:19:00,2.95,14723,United Kingdom
539451,21912,VINTAGE SNAKES & LADDERS,1,2010-12-17 16:59:00,7.62,,United Kingdom
539451,22162,HEART GARLAND RUSTIC PADDED,3,2010-12-17 16:59:00,3.36,,United Kingdom
539453,22974,CHILDRENS DOLLY GIRL MUG,2,2010-12-17 17:08:00,3.36,,United Kingdom
539453,21207,SKULL AND CROSSBONES  GARLAND ,4,2010-12-17 17:08:00,3.36,,United Kingdom
539461,22988,SOLDIERS EGG CUP ,12,2010-12-19 10:21:00,1.25,17243,United Kingdom
539586,22608,PENS ASSORTED FUNKY JEWELED ,108,2010-12-20 13:08:00,0.21,14298,United Kingdom
539718,20780,BLACK EAR MUFF HEADPHONES,1,2010-12-21 13:06:00,11.02,,United Kingdom
539958,20718,RED RETROSPOT SHOPPER BAG,2,2010-12-23 13:26:00,2.51,,United Kingdom
540026,82613D,METAL SIGN CUPCAKE SINGLE HOOK,16,2011-01-04 13:25:00,0.85,,United Kingdom
540073,21669,BLUE STRIPE CERAMIC DRAWER KNOB,6,2011-01-04 14:47:00,1.25,16814,United Kingdom
540255,22201,FRYING PAN BLUE POLKADOT,3,2011-01-05 16:50:00,3.36,,United Kingdom
540372,21723,ALPHABET HEARTS STICKER SHEET,12,2011-01-06 16:41:00,0.85,13081,United Kingdom
540458,21096,SET/6 FRUIT SALAD  PAPER PLATES,12,2011-01-07 12:28:00,0.85,12501,Germany
540468,21027,NINJA RABBIT PINK,1,2011-01-07 13:55:00,0.85,,United Kingdom
540469,22113,GREY HEART HOT WATER BOTTLE,2,2011-01-07 14:04:00,3.75,12484,Spain
540517,21733,RED HANGING HEART T-LIGHT HOLDER,2,2011-01-09 12:02:00,2.95,17128,United Kingdom
540551,22453,MEASURING TAPE BABUSHKA BLUE,7,2011-01-10 09:43:00,1.66,,United Kingdom
540768,22955,36 FOIL STAR CAKE CASES ,48,2011-01-11 10:38:00,1.85,17428,United Kingdom
540816,21738,COSY SLIPPER SHOES SMALL  RED ,2,2011-01-11 12:55:00,2.95,15518,United Kingdom
540821,84951B,SET OF 4 BLACK LOVEBIRD COASTERS,2,2011-01-11 13:16:00,1.66,,United Kingdom
540848,21618,4 WILDFLOWER BOTANICAL CANDLES,7,2011-01-12 09:26:00,2.51,,United Kingdom
541104,21032,SPACE CADET WHITE,4,2011-01-13 14:29:00,0.83,,United Kingdom
541104,79000,MOROCCAN TEA GLASS,12,2011-01-13 14:29:00,1.65,,United Kingdom
541126,85212,MINI PAINTED GARDEN DECORATION ,72,2011-01-14 10:10:00,0.21,15626,United Kingdom
541202,22197,SMALL POPCORN HOLDER,12,2011-01-14 12:09:00,0.85,17581,United Kingdom
541258,22822,CREAM WALL PLANTER HEART SHAPED,2,2011-01-16 15:30:00,5.95,13634,United Kingdom
541410,20717,STRAWBERRY SHOPPER BAG,10,2011-01-17 16:06:00,1.25,13089,United Kingdom
541421,21677,HEARTS  STICKERS,5,2011-01-17 17:44:00,0.79,,United Kingdom
541422,21990,MODERN FLORAL STATIONERY SET,2,2011-01-17 17:48:00,2.46,,United Kingdom
541422,20801,LARGE PINK GLASS SUNDAE DISH,3,2011-01-17 17:48:00,2.46,,United Kingdom
541422,85025C,PINK HEART SHAPE PHOTO FRAME,1,2011-01-17 17:48:00,3.29,,United Kingdom
541423,22377,BOTTLE BAG RETROSPOT ,4,2011-01-17 17:54:00,1.63,,United Kingdom
541424,21361,LOVE LARGE WOOD LETTERS ,1,2011-01-17 17:57:00,24.96,,United Kingdom
541424,84510A,SET OF 4 ENGLISH ROSE COASTERS,2,2011-01-17 17:57:00,2.46,,United Kingdom
541495,22502,PICNIC BASKET WICKER SMALL,1,2011-01-18 14:59:00,8.29,,United Kingdom
541497,22423,REGENCY CAKESTAND 3 TIER,2,2011-01-18 15:19:00,12.75,,United Kingdom
541584,82482,WOODEN PICTURE FRAME WHITE FINISH,1,2011-01-19 14:12:00,4.96,,United Kingdom
541592,85032C,CURIOUS IMAGES GIFT WRAP SET,1,2011-01-19 15:08:00,4.13,,United Kingdom
541849,48194,DOORMAT HEARTS,1,2011-01-23 13:34:00,7.95,13230,United Kingdom
541995,84997D,PINK 3 PIECE POLKADOT CUTLERY SET,6,2011-01-25 09:58:00,3.75,13158,United Kingdom
542000,84378,SET OF 3 HEART COOKIE CUTTERS,12,2011-01-25 10:49:00,1.25,14257,United Kingdom
542085,22900, SET 2 TEA TOWELS I LOVE LONDON ,5,2011-01-25 12:33:00,2.95,14534,United Kingdom
542236,21927,BLUE/CREAM STRIPE CUSHION COVER ,1,2011-01-26 14:19:00,1.25,17027,United Kingdom
542345,72821,CUPID SCENTED CANDLE IN GLASS,2,2011-01-27 11:55:00,1.65,15910,United Kingdom
542526,22784,LANTERN CREAM GAZEBO ,1,2011-01-28 12:43:00,4.95,14659,United Kingdom
542586,22716,CARD CIRCUS PARADE,12,2011-01-28 15:45:00,0.42,12377,Switzerland
542624,20711,JUMBO BAG TOYS ,2,2011-01-31 09:48:00,4.13,,United Kingdom
542719,22292,HANGING CHICK  YELLOW DECORATION,1,2011-01-31 14:18:00,1.45,17619,United Kingdom
542898,85061W,WHITE JEWELLED HEART DECORATION,5,2011-02-01 14:01:00,0.85,16110,United Kingdom
543008,84997D,PINK 3 PIECE POLKADOT CUTLERY SET,12,2011-02-02 13:07:00,3.75,13824,United Kingdom
543040,21171,BATHROOM METAL SIGN ,2,2011-02-02 17:06:00,1.45,17337,United Kingdom
543114,22644,CERAMIC CHERRY CAKE MONEY BANK,12,2011-02-03 13:26:00,1.45,14156,EIRE
543123,21931,JUMBO STORAGE BAG SUKI,10,2011-02-03 14:08:00,1.95,18178,United Kingdom
543165,21527,RED RETROSPOT TRADITIONAL TEAPOT ,4,2011-02-03 19:58:00,7.95,13230,United Kingdom
543201,21035,SET/2 RED RETROSPOT TEA TOWELS ,1,2011-02-04 13:03:00,5.79,,United Kingdom
543367,21928,JUMBO BAG SCANDINAVIAN PAISLEY,10,2011-02-07 14:33:00,1.95,18225,United Kingdom
C543741,22179,SET 10 LIGHTS NIGHT OWL,-1,2011-02-11 13:37:00,6.75,13021,United Kingdom
543836,22969,HOMEMADE JAM SCENTED CANDLES,24,2011-02-14 10:52:00,1.45,15236,United Kingdom
543977,20725,LUNCH BAG RED RETROSPOT,10,2011-02-14 15:35:00,1.65,15615,United Kingdom
544166,22690,DOORMAT HOME SWEET HOME BLUE ,10,2011-02-16 13:14:00,6.75,14051,United Kingdom
544187,22492,MINI PAINT SET VINTAGE ,36,2011-02-16 16:31:00,0.65,14107,United Kingdom
544203,22551,PLASTERS IN TIN SPACEBOY,12,2011-02-17 10:30:00,1.65,12362,Belgium
544339,22423,REGENCY CAKESTAND 3 TIER,6,2011-02-18 09:04:00,12.75,15228,United Kingdom
544476,21156,RETROSPOT CHILDRENS APRON,1,2011-02-21 09:58:00,1.95,14796,United Kingdom
544479,20717,STRAWBERRY SHOPPER BAG,100,2011-02-21 10:28:00,1.06,14646,Netherlands
544495,21915,RED  HARMONICA IN BOX ,12,2011-02-21 11:42:00,1.25,12766,Portugal
544599,22858,EASTER TIN KEEPSAKE,1,2011-02-21 18:15:00,3.29,,United Kingdom
544654,22440,BALLOON WATER BOMB PACK OF 35,2,2011-02-22 12:56:00,0.42,16913,United Kingdom
544681,47574A,ENGLISH ROSE SCENTED HANGING FLOWER,1,2011-02-22 16:28:00,2.46,,United Kingdom
544771,22386,JUMBO BAG PINK POLKADOT,4,2011-02-23 11:12:00,4.13,,United Kingdom
544837,22033,BOTANICAL ROSE GREETING CARD,12,2011-02-24 10:29:00,0.42,15910,United Kingdom
545053,37450,CERAMIC CAKE BOWL + HANGING CAKES,1,2011-02-27 12:41:00,2.95,17516,United Kingdom
545060,72351A,SET/6 TURQUOISE BUTTERFLY T-LIGHTS,1,2011-02-27 13:47:00,2.1,15547,United Kingdom
545063,21563,RED HEART SHAPE LOVE BUCKET ,1,2011-02-27 14:26:00,2.95,14606,United Kingdom
545188,23003,TRAVEL CARD WALLET VINTAGE ROSE ,2,2011-02-28 15:19:00,0.42,14056,United Kingdom
545216,22773,GREEN DRAWER KNOB ACRYLIC EDWARDIAN,4,2011-02-28 16:50:00,2.5,,United Kingdom
545217,22719,GUMBALL MONOCHROME COAT RACK,1,2011-02-28 16:59:00,2.46,,United Kingdom
545325,48187,DOORMAT NEW ENGLAND,10,2011-03-01 15:01:00,6.75,16525,United Kingdom
545400,21175,GIN + TONIC DIET METAL SIGN,12,2011-03-02 12:03:00,2.55,17048,United Kingdom
545530,23126,FELTCRAFT GIRL AMELIE KIT,4,2011-03-03 13:45:00,4.95,17416,United Kingdom
545657,21519,GIN & TONIC DIET GREETING CARD ,12,2011-03-04 14:02:00,0.42,14911,EIRE
545697,21902,"KEY FOB , FRONT  DOOR ",1,2011-03-06 14:38:00,0.65,14504,United Kingdom
545702,22423,REGENCY CAKESTAND 3 TIER,1,2011-03-06 15:21:00,12.75,14247,United Kingdom
545713,22652,TRAVEL SEWING KIT,8,2011-03-07 10:11:00,4.13,,United Kingdom
545812,20751,FUNKY WASHING UP GLOVES ASSORTED,12,2011-03-07 12:26:00,2.1,14214,United Kingdom
546008,47566,PARTY BUNTING,6,2011-03-08 15:43:00,4.95,,United Kingdom
546017,20751,FUNKY WASHING UP GLOVES ASSORTED,2,2011-03-08 17:23:00,2.1,14507,United Kingdom
546096,22652,TRAVEL SEWING KIT,10,2011-03-09 11:59:00,1.65,15502,United Kingdom
546133,22630,DOLLY GIRL LUNCH BOX,12,2011-03-09 15:20:00,1.95,14291,United Kingdom
546378,22220,CAKE STAND LOVEBIRD 2 TIER WHITE,2,2011-03-11 12:17:00,9.95,14329,United Kingdom
546397,22090,PAPER BUNTING RETROSPOT,6,2011-03-11 14:37:00,2.95,12971,United Kingdom
546542,84279B,CHERRY BLOSSOM DECORATIVE FLASK,2,2011-03-14 15:13:00,3.75,13263,United Kingdom
546652,21033,JUMBO BAG CHARLIE AND LOLA TOYS,1,2011-03-15 14:18:00,4.13,,United Kingdom
546851,21320,GLASS CHALICE GREEN  LARGE ,6,2011-03-17 13:23:00,2.55,12480,Germany
546866,21908,CHOCOLATE THIS WAY METAL SIGN,3,2011-03-17 15:47:00,2.1,14462,United Kingdom
546912,21564,PINK  HEART SHAPE LOVE BUCKET ,4,2011-03-17 20:12:00,2.95,15861,United Kingdom
547021,84279B,CHERRY BLOSSOM DECORATIVE FLASK,4,2011-03-18 15:43:00,3.75,13046,United Kingdom
547063,21913,VINTAGE SEASIDE JIGSAW PUZZLES,1,2011-03-20 13:33:00,3.75,14769,United Kingdom
547250,84596G,SMALL CHOCOLATES PINK BOWL,3,2011-03-22 09:30:00,0.83,,United Kingdom
547370,22115,METAL SIGN EMPIRE TEA,1,2011-03-22 13:32:00,2.95,14711,United Kingdom
547386,22268,EASTER DECORATION SITTING BUNNY,1,2011-03-22 15:52:00,1.63,,United Kingdom
547538,21928,JUMBO BAG SCANDINAVIAN BLUE PAISLEY,10,2011-03-23 15:17:00,1.95,13534,United Kingdom
547569,23231,WRAP DOILEY DESIGN,25,2011-03-24 09:50:00,0.42,17491,United Kingdom
547874,22241,GARLAND WOODEN HAPPY EASTER,12,2011-03-27 15:39:00,1.25,14476,United Kingdom
547882,20719,WOODLAND CHARLOTTE BAG,10,2011-03-28 07:53:00,0.85,14911,EIRE
547906,21868,POTTING SHED TEA MUG,2,2011-03-28 12:13:00,1.25,14410,United Kingdom
547938,90124C,GREEN MURANO TWIST NECKLACE,1,2011-03-28 14:33:00,9.95,13901,United Kingdom
548003,22697,GREEN REGENCY TEACUP AND SAUCER,6,2011-03-29 10:39:00,2.95,18044,United Kingdom
548148,85213,MINI  ZINC GARDEN DECORATIONS ,4,2011-03-29 12:31:00,0.85,17931,United Kingdom
548215,22197,SMALL POPCORN HOLDER,12,2011-03-30 09:19:00,0.85,15674,United Kingdom
548276,21915,RED  HARMONICA IN BOX ,12,2011-03-30 11:39:00,1.25,17863,United Kingdom
548404,22084,PAPER CHAIN KIT EMPIRE,6,2011-03-31 09:38:00,2.95,16398,United Kingdom
548468,22430,ENAMEL WATERING CAN CREAM,3,2011-03-31 12:28:00,4.95,14818,United Kingdom
548512,21922,UNION STRIPE WITH FRINGE  HAMMOCK,2,2011-03-31 15:54:00,7.95,14410,United Kingdom
548636,22027,TEA PARTY BIRTHDAY CARD,12,2011-04-01 12:29:00,0.42,15601,United Kingdom
548780,21259,VICTORIAN SEWING BOX SMALL ,2,2011-04-04 12:37:00,5.95,13294,United Kingdom
549153,22965,3 TRADITIONAl BISCUIT CUTTERS  SET,6,2011-04-06 15:47:00,2.1,13771,United Kingdom
549524,22260,FELT EGG COSY BLUE RABBIT ,4,2011-04-08 15:42:00,1.63,,United Kingdom
549583,22047,EMPIRE GIFT WRAP,25,2011-04-11 09:46:00,0.42,15214,United Kingdom
549735,21934,SKULL SHOULDER BAG,20,2011-04-12 08:42:00,1.65,13824,United Kingdom
549742,84050,PINK HEART SHAPE EGG FRYING PAN,24,2011-04-12 10:01:00,1.65,12910,United Kingdom
549744,21669,BLUE STRIPE CERAMIC DRAWER KNOB,36,2011-04-12 10:30:00,1.25,15240,United Kingdom
549988,22841,ROUND CAKE TIN VINTAGE GREEN,1,2011-04-13 16:43:00,7.95,14367,United Kingdom
550199,22383,LUNCH BAG SUKI DESIGN ,10,2011-04-15 10:20:00,1.65,16523,United Kingdom
550208,21035,SET/2 RED RETROSPOT TEA TOWELS ,2,2011-04-15 10:39:00,6.25,,United Kingdom
550211,22720,SET OF 3 CAKE TINS PANTRY DESIGN ,1,2011-04-15 10:41:00,10.79,,United Kingdom
550323,23230,WRAP ALPHABET DESIGN,25,2011-04-17 12:57:00,0.42,13692,United Kingdom
550474,22697,GREEN REGENCY TEACUP AND SAUCER,5,2011-04-18 13:58:00,5.79,,United Kingdom
550513,23077,DOUGHNUT LIP GLOSS ,40,2011-04-18 16:37:00,1.25,16928,United Kingdom
550525,22520,CHILDS GARDEN TROWEL BLUE ,6,2011-04-19 10:19:00,0.85,14672,United Kingdom
550633,21280,VINTAGE KITCHEN PRINT VEGETABLES,2,2011-04-19 14:57:00,2.55,17449,United Kingdom
550785,22995,TRAVEL CARD WALLET SUKI,24,2011-04-20 14:02:00,0.42,15517,United Kingdom
550835,21179,NO JUNK MAIL METAL SIGN,4,2011-04-21 10:52:00,1.25,15034,United Kingdom
550939,22087,PAPER BUNTING WHITE LACE,6,2011-04-21 15:25:00,2.95,16146,United Kingdom
551170,22193,RED DINER WALL CLOCK,5,2011-04-26 16:40:00,8.5,15145,United Kingdom
551274,22536,MAGIC DRAWING SLATE PURDEY,24,2011-04-27 12:57:00,0.42,14235,United Kingdom
551301,85152,HAND OVER THE CHOCOLATE   SIGN ,12,2011-04-27 14:49:00,2.1,17675,United Kingdom
551399,85014B,RED RETROSPOT UMBRELLA,5,2011-04-28 13:17:00,5.95,17874,United Kingdom
551417,21754,HOME BUILDING BLOCK WORD,3,2011-04-28 13:41:00,5.95,15632,United Kingdom
551516,22433,WATERING CAN GREEN DINOSAUR,3,2011-05-01 11:10:00,1.95,14800,United Kingdom
551721,22348,TEA BAG PLATE RED RETROSPOT,1,2011-05-03 16:49:00,0.85,14711,United Kingdom
551776,22923,FRIDGE MAGNETS LES ENFANTS ASSORTED,6,2011-05-04 11:23:00,0.85,13268,United Kingdom
551849,22149,FELTCRAFT 6 FLOWER FRIENDS,6,2011-05-04 14:33:00,2.1,16258,United Kingdom
552007,21787,RAIN PONCHO RETROSPOT,24,2011-05-05 16:56:00,0.85,13269,United Kingdom
552040,22423,REGENCY CAKESTAND 3 TIER,6,2011-05-06 08:19:00,12.75,12502,Spain
552325,20712,JUMBO BAG WOODLAND ANIMALS,10,2011-05-09 09:47:00,2.08,12490,France
552514,84637,KITCHEN FLOWER POTS WALL PLAQUE,1,2011-05-09 16:30:00,4.96,,United Kingdom
C552553,M,Manual,-1,2011-05-10 10:51:00,334.71,15674,United Kingdom
552642,23172,REGENCY TEA PLATE PINK,12,2011-05-10 13:22:00,1.65,14288,United Kingdom
552661,23170,REGENCY TEA PLATE ROSES ,12,2011-05-10 15:04:00,1.65,14051,United Kingdom
552817,23006,TRAVEL CARD WALLET FLOWER MEADOW,24,2011-05-11 12:47:00,0.42,13136,United Kingdom
552878,22537,MAGIC DRAWING SLATE DINOSAUR,24,2011-05-12 09:54:00,0.42,12625,Germany
553002,21868,POTTING SHED TEA MUG,3,2011-05-12 15:26:00,1.25,13263,United Kingdom
553013,22502,PICNIC BASKET WICKER SMALL,2,2011-05-12 18:19:00,10.79,,United Kingdom
553141,48187,DOORMAT NEW ENGLAND,1,2011-05-13 13:01:00,7.95,15907,United Kingdom
553193,22762,CUPBOARD 3 DRAWER MA CAMPAGNE,2,2011-05-15 13:31:00,14.95,15081,United Kingdom
553229,23199,JUMBO BAG APPLES,10,2011-05-16 10:50:00,2.08,15039,United Kingdom
553345,21932,SCANDINAVIAN PAISLEY PICNIC BAG,10,2011-05-16 12:53:00,1.65,16729,United Kingdom
553356,21244,BLUE POLKADOT PLATE ,8,2011-05-16 14:05:00,1.69,14038,United Kingdom
553392,21485,RETROSPOT HEART HOT WATER BOTTLE,24,2011-05-16 16:44:00,4.25,16131,United Kingdom
553524,21733,RED HANGING HEART T-LIGHT HOLDER,1,2011-05-17 14:46:00,2.95,15570,United Kingdom
553861,22090,PAPER BUNTING RETROSPOT,6,2011-05-19 13:58:00,2.95,13591,United Kingdom
554054,84991,60 TEATIME FAIRY CAKE CASES,2,2011-05-20 15:29:00,1.25,,United Kingdom
554080,23147,SINGLE ANTIQUE ROSE HOOK IVORY,3,2011-05-22 11:42:00,1.45,16931,United Kingdom
554286,22627,MINT KITCHEN SCALES,1,2011-05-23 14:16:00,8.5,17686,United Kingdom
554382,84997A,CHILDRENS CUTLERY POLKADOT GREEN ,3,2011-05-24 11:55:00,4.15,17365,United Kingdom
554491,22333,RETROSPOT PARTY BAG + STICKER SET,4,2011-05-24 13:50:00,1.65,14606,United Kingdom
554840,22489,PACK OF 12 TRADITIONAL CRAYONS,144,2011-05-26 17:16:00,0.36,12684,France
554991,84510A,SET OF 4 ENGLISH ROSE COASTERS,1,2011-05-29 14:03:00,1.25,14823,United Kingdom
555260,21071,VINTAGE BILLBOARD DRINK ME MUG,2,2011-06-01 15:34:00,1.25,13263,United Kingdom
555340,22989,SET 2 PANTRY DESIGN TEA TOWELS,3,2011-06-02 11:33:00,3.25,13334,United Kingdom
555396,48184,DOORMAT ENGLISH ROSE ,2,2011-06-02 17:23:00,7.95,16529,United Kingdom
555568,23078,ICE CREAM PEN LIP GLOSS ,24,2011-06-05 15:25:00,1.25,17589,United Kingdom
555719,23050,RECYCLED ACAPULCO MAT GREEN,2,2011-06-06 15:31:00,8.25,12609,Germany
555722,84673B,BLUE FLY SWAT,1,2011-06-06 16:06:00,1.25,,United Kingdom
555851,23093,SMALL PARISIENNE HEART PHOTO FRAME ,2,2011-06-07 13:37:00,2.49,13050,United Kingdom
556095,22385,JUMBO BAG SPACEBOY DESIGN,1,2011-06-08 15:27:00,4.13,,United Kingdom
556222,20668,DISCO BALL CHRISTMAS DECORATION,48,2011-06-09 14:23:00,0.12,17522,United Kingdom
556288,23245,SET OF 3 REGENCY CAKE TINS,16,2011-06-10 09:23:00,4.15,13426,United Kingdom
556459,82600,NO SINGING METAL SIGN,1,2011-06-10 17:25:00,4.13,,United Kingdom
556917,21976,PACK OF 60 MUSHROOM CAKE CASES,240,2011-06-15 13:37:00,0.42,12415,Australia
557064,23300,GARDENERS KNEELING PAD CUP OF TEA ,2,2011-06-16 15:07:00,1.65,13263,United Kingdom
557211,23244,STORAGE TIN VINTAGE LEAF,6,2011-06-17 11:49:00,1.95,15513,United Kingdom
557213,23269,SET OF 2 CERAMIC CHRISTMAS TREES,1,2011-06-17 12:16:00,1.45,15021,United Kingdom
557571,22548,HEADS AND TAILS SPORTING FUN,144,2011-06-21 10:53:00,0.85,12830,United Kingdom
557745,21586,KINGS CHOICE GIANT TUBE MATCHES,3,2011-06-22 12:16:00,2.55,15750,United Kingdom
557761,23199,JUMBO BAG APPLES,10,2011-06-22 13:59:00,2.08,14214,United Kingdom
557796,23245,SET OF 3 REGENCY CAKE TINS,16,2011-06-23 09:15:00,4.15,13881,United Kingdom
557857,22774,RED DRAWER KNOB ACRYLIC EDWARDIAN,12,2011-06-23 11:50:00,1.25,17370,United Kingdom
557970,23069,EDWARDIAN PHOTO FRAME,2,2011-06-24 10:11:00,6.25,16915,United Kingdom
558237,23127,FELTCRAFT GIRL NICOLE KIT,2,2011-06-27 15:04:00,4.95,12867,United Kingdom
558358,22461,SAVOY ART DECO CLOCK,1,2011-06-28 15:05:00,12.75,17965,United Kingdom
558388,84380,SET OF 3 BUTTERFLY COOKIE CUTTERS,12,2011-06-29 10:00:00,1.25,,EIRE
558389,22423,REGENCY CAKESTAND 3 TIER,1,2011-06-29 10:18:00,12.75,14383,United Kingdom
558564,21749,LARGE RED RETROSPOT WINDMILL,10,2011-06-30 13:45:00,2.1,14057,United Kingdom
558610,21122,SET/10 PINK POLKADOT PARTY CANDLES,2,2011-06-30 15:33:00,1.25,,United Kingdom
559051,21166,COOK WITH WINE METAL SIGN ,1,2011-07-05 16:47:00,4.13,,United Kingdom
559055,22139,RETROSPOT TEA SET CERAMIC 11 PC ,1,2011-07-05 17:09:00,10.79,,United Kingdom
559055,85049E,SCANDINAVIAN REDS RIBBONS,1,2011-07-05 17:09:00,2.46,,United Kingdom
559068,23298,SPOTTY BUNTING,1,2011-07-06 10:41:00,4.95,17841,United Kingdom
559139,16237,SLEEPING CAT ERASERS,90,2011-07-06 13:41:00,0.16,15061,United Kingdom
559298,POST,POSTAGE,6,2011-07-07 12:38:00,18,12471,Germany
559337,22961,JAM MAKING SET PRINTED,1,2011-07-07 16:27:00,3.29,,United Kingdom
559337,85208,SET/12 FUNKY FELT FLOWER PEG IN BAG,2,2011-07-07 16:27:00,1.63,,United Kingdom
559418,22197,POPCORN HOLDER,12,2011-07-08 11:36:00,0.85,12681,France
559506,82580,BATHROOM METAL SIGN,1,2011-07-08 15:17:00,1.25,,United Kingdom
559817,21479,WHITE SKULL HOT WATER BOTTLE ,1,2011-07-12 16:20:00,7.46,,United Kingdom
559899,37446,MINI CAKE STAND WITH HANGING CAKES,8,2011-07-13 12:24:00,1.45,12528,Germany
560078,23142,IVORY WIRE KITCHEN ORGANISER,1,2011-07-14 16:12:00,10.4,16040,United Kingdom
560207,23254,CHILDRENS CUTLERY DOLLY GIRL ,4,2011-07-15 13:57:00,4.15,15301,United Kingdom
560434,84912A,PINK ROSE WASHBAG,2,2011-07-18 15:56:00,3.29,,United Kingdom
560723,84755,COLOUR GLASS T-LIGHT HOLDER HANGING,8,2011-07-20 13:53:00,0.65,16464,United Kingdom
560773,23199,JUMBO BAG APPLES,1,2011-07-20 16:17:00,4.13,,United Kingdom
560773,47566,PARTY BUNTING,5,2011-07-20 16:17:00,10.79,,United Kingdom
560778,72801d,4 SKY BLUE DINNER CANDLES,2,2011-07-21 09:30:00,2.46,,United Kingdom
560779,21930,JUMBO STORAGE BAG SKULLS,5,2011-07-21 09:30:00,4.96,,United Kingdom
560780,22283,6 EGG HOUSE PAINTED WOOD,1,2011-07-21 09:31:00,15.79,,United Kingdom
560862,22294,HEART FILIGREE DOVE  SMALL,4,2011-07-21 13:48:00,1.25,14085,United Kingdom
560926,22847,BREAD BIN DINER STYLE IVORY,1,2011-07-22 09:20:00,33.29,,United Kingdom
560926,20997,ROSE DU SUD CUSHION COVER ,3,2011-07-22 09:20:00,4.13,,United Kingdom
560938,21934,SKULL SHOULDER BAG,2,2011-07-22 11:16:00,3.29,,United Kingdom
561007,23290,SPACEBOY CHILDRENS BOWL,8,2011-07-22 15:21:00,1.25,15640,United Kingdom
561007,21929,JUMBO BAG PINK VINTAGE PAISLEY,10,2011-07-22 15:21:00,2.08,15640,United Kingdom
561090,DOT,DOTCOM POSTAGE,1,2011-07-25 09:55:00,53.54,,United Kingdom
561113,20972,PINK CREAM FELT CRAFT TRINKET BOX ,10,2011-07-25 12:09:00,1.25,17841,United Kingdom
561195,23296,SET OF 6 TEA TIME BAKING CASES,2,2011-07-25 13:57:00,1.25,14796,United Kingdom
561209,84796B,BLUE SAVANNAH PICNIC HAMPER FOR 2,1,2011-07-25 16:57:00,8.29,,United Kingdom
561391,21381,MINI WOODEN HAPPY BIRTHDAY GARLAND,12,2011-07-27 09:59:00,1.69,16628,United Kingdom
561391,48194,DOORMAT HEARTS,2,2011-07-27 09:59:00,7.95,16628,United Kingdom
561515,22361,GLASS JAR DAISY FRESH COTTON WOOL,1,2011-07-27 15:16:00,5.79,,United Kingdom
561517,84978,HANGING HEART JAR T-LIGHT HOLDER,12,2011-07-27 15:17:00,1.25,18226,United Kingdom
561651,22197,POPCORN HOLDER,2,2011-07-28 15:36:00,1.63,,United Kingdom
561750,85099C,JUMBO  BAG BAROQUE BLACK WHITE,10,2011-07-29 12:18:00,2.08,16945,United Kingdom
561894,21504,SKULLS GREETING CARD,12,2011-07-31 15:00:00,0.42,14456,United Kingdom
561896,21931,JUMBO STORAGE BAG SUKI,10,2011-07-31 15:22:00,2.08,15819,United Kingdom
562011,22723,SET OF 6 HERB TINS SKETCHBOOK,24,2011-08-01 13:54:00,3.45,16745,United Kingdom
562114,84596F,SMALL MARSHMALLOWS PINK BOWL,2,2011-08-02 16:14:00,0.83,,United Kingdom
562593,22470,HEART OF WICKER LARGE,6,2011-08-07 15:43:00,2.95,16549,United Kingdom
562615,82581,TOILET METAL SIGN,9,2011-08-08 12:20:00,0.55,16458,United Kingdom
562770,21500,PINK POLKADOT WRAP ,50,2011-08-09 11:56:00,0.42,17139,United Kingdom
562849,21314,SMALL GLASS HEART TRINKET POT,8,2011-08-10 09:52:00,2.1,16700,United Kingdom
562933,23300,GARDENERS KNEELING PAD CUP OF TEA ,2,2011-08-10 16:51:00,3.29,,United Kingdom
563585,84949,SILVER HANGING T-LIGHT HOLDER,6,2011-08-17 17:01:00,1.65,17070,United Kingdom
563709,22336,DOVE DECORATION PAINTED ZINC ,6,2011-08-18 15:17:00,0.65,15472,United Kingdom
563933,23130,MISTLETOE HEART WREATH GREEN,2,2011-08-21 15:54:00,4.15,16536,United Kingdom
563946,22966,GINGERBREAD MAN COOKIE CUTTER,12,2011-08-22 10:15:00,1.25,17527,United Kingdom
563950,23198,PANTRY MAGNETIC  SHOPPING LIST,12,2011-08-22 10:39:00,1.45,12471,Germany
564167,23296,SET OF 6 TEA TIME BAKING CASES,8,2011-08-23 13:50:00,1.25,17735,United Kingdom
564315,21430,SET/3 RED GINGHAM ROSE STORAGE BOX,2,2011-08-24 13:07:00,3.75,14730,United Kingdom
564324,90031,BILI NUT AND WOOD NECKLACE,6,2011-08-24 13:26:00,1,13694,United Kingdom
564552,20750,RED RETROSPOT MINI CASES,2,2011-08-25 17:22:00,7.95,16670,United Kingdom
564716,23201,JUMBO BAG ALPHABET,4,2011-08-28 11:02:00,2.08,14810,United Kingdom
564739,22193,RED DINER WALL CLOCK,1,2011-08-28 14:28:00,8.5,16931,United Kingdom
564754,23160,REGENCY TEA SPOON,3,2011-08-30 10:29:00,2.46,,United Kingdom
564754,47367B,PAIR PADDED HANGERS PINK CHECK,3,2011-08-30 10:29:00,3.29,,United Kingdom
564820,23013,GLASS APOTHECARY BOTTLE TONIC,1,2011-08-30 12:16:00,8.29,,United Kingdom
564837,23173,REGENCY TEAPOT ROSES ,1,2011-08-30 12:40:00,19.96,,United Kingdom
564849,20725,LUNCH BAG RED RETROSPOT,10,2011-08-30 15:42:00,1.65,17675,United Kingdom
564857,22699,ROSES REGENCY TEACUP AND SAUCER ,2,2011-08-31 09:23:00,5.79,,United Kingdom
565231,21624,VINTAGE UNION JACK DOORSTOP,1,2011-09-02 09:26:00,11.63,,United Kingdom
565232,22844,VINTAGE CREAM DOG FOOD CONTAINER,1,2011-09-02 09:30:00,16.63,,United Kingdom
565233,23014,GLASS APOTHECARY BOTTLE ELIXIR,1,2011-09-02 09:34:00,8.29,,United Kingdom
565432,23313,VINTAGE CHRISTMAS BUNTING,2,2011-09-04 13:16:00,4.95,16241,United Kingdom
565467,22547,MINI JIGSAW DINOSAUR ,24,2011-09-05 09:49:00,0.42,14129,United Kingdom
565491,23344,JUMBO BAG 50'S CHRISTMAS ,20,2011-09-05 11:41:00,2.08,13881,United Kingdom
565541,20914,SET/5 RED RETROSPOT LID GLASS BOWLS,1,2011-09-05 12:00:00,2.95,14159,United Kingdom
565863,35648,VINTAGE BEAD PINK PURSE ,24,2011-09-07 15:00:00,0.83,17422,United Kingdom
565919,85039C,S/4 BLACK MINI ROSE CANDLE IN BOWL,1,2011-09-07 16:48:00,1.63,,United Kingdom
565920,23351,ROLL WRAP 50'S CHRISTMAS,12,2011-09-08 08:56:00,1.25,15298,United Kingdom
565922,22727,ALARM CLOCK BAKELIKE RED ,4,2011-09-08 09:51:00,3.75,14116,United Kingdom
566055,84971S,SMALL HEART FLOWERS HOOK ,2,2011-09-08 15:05:00,0.85,15453,United Kingdom
566186,21982,PACK OF 12 SUKI TISSUES ,24,2011-09-09 13:02:00,0.39,16603,United Kingdom
566221,21871,SAVE THE PLANET MUG,1,2011-09-09 16:13:00,3.29,,United Kingdom
566238,23203,JUMBO BAG VINTAGE DOILY ,1,2011-09-11 11:24:00,2.08,17377,United Kingdom
566262,21374,MIRRORED WALL ART SKULLS,6,2011-09-11 12:56:00,1.25,15527,United Kingdom
566269,23309,SET OF 60 I LOVE LONDON CAKE CASES ,2,2011-09-11 13:39:00,0.55,17864,United Kingdom
566271,21181,PLEASE ONE PERSON METAL SIGN,12,2011-09-11 13:44:00,2.1,14250,United Kingdom
566278,22624,IVORY KITCHEN SCALES,2,2011-09-11 14:05:00,8.5,13614,United Kingdom
566495,21506,"FANCY FONT BIRTHDAY CARD, ",12,2011-09-13 11:14:00,0.42,15529,United Kingdom
566603,22817,CARD SUKI BIRTHDAY,1,2011-09-13 16:12:00,0.42,,United Kingdom
566669,22866,HAND WARMER SCOTTY DOG DESIGN,12,2011-09-14 11:36:00,2.1,18065,United Kingdom
566773,20847,ZINC HEART LATTICE CHARGER LARGE,4,2011-09-15 09:43:00,3.75,12444,Norway
566786,22191,IVORY DINER WALL CLOCK,2,2011-09-15 10:29:00,8.5,13518,United Kingdom
566871,21985,PACK OF 12 HEARTS DESIGN TISSUES ,24,2011-09-15 13:27:00,0.39,17047,United Kingdom
566928,21668,RED STRIPE CERAMIC DRAWER KNOB,12,2011-09-15 15:21:00,1.45,16189,United Kingdom
567140,22429,ENAMEL MEASURING JUG CREAM,8,2011-09-16 14:47:00,4.25,15410,United Kingdom
567309,21787,RAIN PONCHO RETROSPOT,1788,2011-09-19 13:39:00,0.85,12901,United Kingdom
567429,85099C,JUMBO  BAG BAROQUE BLACK WHITE,10,2011-09-20 11:39:00,2.08,17686,United Kingdom
567454,22645,CERAMIC HEART FAIRY CAKE MONEY BANK,12,2011-09-20 12:12:00,1.45,15839,United Kingdom
567461,22733,3D TRADITIONAL CHRISTMAS STICKERS,2,2011-09-20 12:31:00,1.63,,United Kingdom
567529,23240,SET OF 4 KNICK KNACK TINS DOILY ,6,2011-09-21 09:22:00,4.15,18236,United Kingdom
567530,23127,FELTCRAFT GIRL NICOLE KIT,4,2011-09-21 09:33:00,4.95,12390,Belgium
567632,22995,TRAVEL CARD WALLET SUKI,24,2011-09-21 13:33:00,0.42,13946,United Kingdom
567663,85032D,YULETIDE IMAGES GIFT WRAP SET,12,2011-09-21 15:15:00,0.65,14951,United Kingdom
568066,23369,SET 36 COLOUR PENCILS LOVE LONDON,2,2011-09-23 13:48:00,1.25,14529,United Kingdom
568095,23433,HANGING QUILTED PATCHWORK APPLES,12,2011-09-23 14:49:00,0.83,14911,EIRE
568101,22720,SET OF 3 CAKE TINS PANTRY DESIGN ,6,2011-09-23 15:21:00,4.95,15978,United Kingdom
568137,23009,I LOVE LONDON BABY GIFT SET,5,2011-09-25 10:34:00,16.95,12488,France
568187,23412,HEART MIRROR ANTIQUE WHITE,6,2011-09-25 14:32:00,7.5,13408,United Kingdom
568193,23356,LOVE HOT WATER BOTTLE,2,2011-09-25 14:37:00,5.95,17107,United Kingdom
568213,22186,RED STAR CARD HOLDER,12,2011-09-25 16:06:00,1.95,15214,United Kingdom
568505,22681,FRENCH BLUE METAL DOOR SIGN 6,1,2011-09-27 12:17:00,1.25,15311,United Kingdom
568553,22969,HOMEMADE JAM SCENTED CANDLES,12,2011-09-27 15:17:00,1.45,15674,United Kingdom
568558,22866,HAND WARMER SCOTTY DOG DESIGN,2,2011-09-27 16:28:00,2.1,16354,United Kingdom
C568584,22767,TRIPLE PHOTO FRAME CORNICE ,-2,2011-09-28 10:13:00,9.95,15706,United Kingdom
568671,23399,HOME SWEET HOME HANGING HEART,36,2011-09-28 13:13:00,0.85,13139,United Kingdom
568710,23493,VINTAGE DOILY TRAVEL SEWING KIT,1,2011-09-28 15:42:00,1.95,14649,United Kingdom
568716,22337,ANGEL DECORATION PAINTED ZINC ,1,2011-09-28 16:13:00,0.63,,United Kingdom
568792,23175,REGENCY MILK JUG PINK ,4,2011-09-29 09:53:00,3.25,18192,United Kingdom
568792,23164,REGENCY CAKE SLICE,4,2011-09-29 09:53:00,4.95,18192,United Kingdom
568949,22379,RECYCLING BAG RETROSPOT ,1,2011-09-29 15:13:00,4.13,,United Kingdom
569124,22386,JUMBO BAG PINK POLKADOT,10,2011-09-30 13:15:00,2.08,15172,United Kingdom
569126,23251,VINTAGE RED ENAMEL TRIM MUG ,36,2011-09-30 13:28:00,1.25,13347,United Kingdom
569202,85199L,LARGE HANGING IVORY & RED WOOD BIRD,1,2011-09-30 17:22:00,1.25,,United Kingdom
569329,84596B,SMALL DOLLY MIX DESIGN ORANGE BOWL,16,2011-10-03 13:03:00,0.42,17652,United Kingdom
569461,22952,60 CAKE CASES VINTAGE CHRISTMAS,24,2011-10-04 11:36:00,0.55,16556,United Kingdom
569538,21181,PLEASE ONE PERSON METAL SIGN,12,2011-10-04 15:55:00,2.1,14462,United Kingdom
569544,23089,GLASS BON BON JAR,1,2011-10-04 16:33:00,3.29,,United Kingdom
569545,22703,PINK CAT BOWL,2,2011-10-04 16:37:00,1.63,,United Kingdom
569568,23445,ICE CREAM BUBBLES,40,2011-10-05 09:57:00,0.83,12700,France
569702,23035,DRAWER KNOB CERAMIC IVORY,6,2011-10-05 16:09:00,1.45,14396,United Kingdom
569726,22456,NATURAL SLATE CHALKBOARD LARGE ,6,2011-10-06 09:36:00,4.95,17419,United Kingdom
569890,22579,WOODEN TREE CHRISTMAS SCANDINAVIAN,24,2011-10-06 15:46:00,0.29,14738,United Kingdom
569904,22844,VINTAGE CREAM DOG FOOD CONTAINER,2,2011-10-06 16:27:00,8.5,13023,United Kingdom
C569985,23074,EMBOSSED HEART TRINKET BOX,-6,2011-10-06 19:51:00,2.08,15365,United Kingdom
570127,23505,PLAYING CARDS I LOVE LONDON ,6,2011-10-07 13:17:00,1.25,16900,United Kingdom
570356,51014C,"FEATHER PEN,COAL BLACK",48,2011-10-10 12:30:00,0.39,15330,United Kingdom
570446,21883,STARS GIFT TAPE ,12,2011-10-10 14:49:00,0.65,12431,Belgium
570488,22991,GIRAFFE WOODEN RULER,5,2011-10-10 17:12:00,4.13,14096,United Kingdom
570507,22621,TRADITIONAL KNITTING NANCY,12,2011-10-11 09:53:00,1.65,16561,United Kingdom
570680,23529,WALL ART DOLLY GIRL ,4,2011-10-11 15:36:00,3.75,13969,United Kingdom
570688,22150,3 STRIPEY MICE FELTCRAFT,1,2011-10-11 16:29:00,4.13,,United Kingdom
570696,84926F,PSYCHEDELIC TILE COASTER,24,2011-10-12 09:08:00,0.29,15840,United Kingdom
570703,22131,FOOD CONTAINER SET 3 LOVE HEART ,6,2011-10-12 09:50:00,1.95,14911,EIRE
570791,22596,CHRISTMAS STAR WISH LIST CHALKBOARD,12,2011-10-12 11:58:00,1.25,17346,United Kingdom
570841,POST,POSTAGE,2,2011-10-12 14:18:00,18,12553,France
571082,21212,PACK OF 72 RETROSPOT CAKE CASES,1,2011-10-13 15:25:00,1.25,,United Kingdom
571178,23194,GYMKHANA TREASURE BOOK BOX,1,2011-10-14 10:38:00,2.25,14089,United Kingdom
571180,85014B,RED RETROSPOT UMBRELLA,6,2011-10-14 10:47:00,5.95,15498,United Kingdom
571185,23198,PANTRY MAGNETIC  SHOPPING LIST,12,2011-10-14 11:15:00,1.45,13047,United Kingdom
571281,21625,VINTAGE UNION JACK APRON,6,2011-10-16 13:23:00,5.95,14088,United Kingdom
571411,82484,WOOD BLACK BOARD ANT WHITE FINISH,1,2011-10-17 12:33:00,7.95,17858,United Kingdom
571446,22966,GINGERBREAD MAN COOKIE CUTTER,60,2011-10-17 13:46:00,1.25,14911,EIRE
571477,37447,CERAMIC CAKE DESIGN SPOTTED PLATE,12,2011-10-17 14:54:00,1.49,12794,Portugal
571544,21789,KIDS RAIN MAC PINK,2,2011-10-17 16:53:00,0.85,17757,United Kingdom
571701,22069,BROWN  PIRATE TREASURE CHEST ,12,2011-10-18 15:05:00,1.65,14639,United Kingdom
571709,22733,3D TRADITIONAL CHRISTMAS STICKERS,18,2011-10-18 15:52:00,1.25,16463,United Kingdom
571712,23365,SET 12 COLOUR PENCILS LOVE LONDON,8,2011-10-18 16:46:00,0.65,14056,United Kingdom
571714,90185A,AMBER DIAMANTE EXPANDABLE RING,1,2011-10-18 17:00:00,4.15,,United Kingdom
571716,23434,3 RAFFIA RIBBONS 50'S CHRISTMAS ,3,2011-10-18 17:05:00,0.83,,United Kingdom
571720,85211,,3,2011-10-18 17:29:00,0,,United Kingdom
571824,21731,RED TOADSTOOL LED NIGHT LIGHT,24,2011-10-19 11:49:00,1.65,12472,Germany
571843,23568,EGG CUP HENRIETTA HEN CREAM ,144,2011-10-19 12:28:00,1.04,16684,United Kingdom
571913,21912,VINTAGE SNAKES & LADDERS,4,2011-10-19 15:29:00,3.75,18210,United Kingdom
571937,85212,MINI PAINTED GARDEN DECORATION ,48,2011-10-20 09:28:00,0.29,14911,EIRE
572035,23198,PANTRY MAGNETIC  SHOPPING LIST,48,2011-10-20 12:03:00,1.25,14646,Netherlands
572194,85071D,CHARLIE+LOLA MY ROOM DOOR SIGN,2,2011-10-21 11:43:00,0.39,17832,United Kingdom
572318,20992,JAZZ HEARTS PURSE NOTEBOOK,2,2011-10-23 16:19:00,0.39,15436,United Kingdom
572513,22546,MINI JIGSAW PURDEY,1,2011-10-24 14:36:00,0.42,16728,United Kingdom
572726,84836,ZINC METAL HEART DECORATION,12,2011-10-25 15:19:00,1.25,16056,United Kingdom
572775,84609,TALL ROCOCO CANDLE HOLDER,4,2011-10-26 10:43:00,8.5,13126,United Kingdom
572900,23510,MINI PLAYING CARDS GYMKHANA,20,2011-10-26 14:52:00,0.42,13107,United Kingdom
573083,22616,PACK OF 12 LONDON TISSUES ,11,2011-10-27 14:22:00,0.39,13735,United Kingdom
573139,20975,12 PENCILS SMALL TUBE RED RETROSPOT,2,2011-10-27 17:29:00,0.65,14716,United Kingdom
573139,23201,JUMBO BAG ALPHABET,1,2011-10-27 17:29:00,2.08,14716,United Kingdom
573173,48185,DOORMAT FAIRY CAKE,2,2011-10-28 10:10:00,8.25,12362,Belgium
573323,22727,ALARM CLOCK BAKELIKE RED ,3,2011-10-30 10:54:00,3.75,15708,United Kingdom
573556,23209,LUNCH BAG VINTAGE DOILY ,20,2011-10-31 13:51:00,1.65,17675,United Kingdom
573576,84029G,KNITTED UNION FLAG HOT WATER BOTTLE,3,2011-10-31 14:09:00,7.46,14096,United Kingdom
573581,23245,SET OF 3 REGENCY CAKE TINS,4,2011-10-31 14:22:00,4.95,14911,EIRE
573582,22111,SCOTTIE DOG HOT WATER BOTTLE,6,2011-10-31 14:23:00,4.95,16633,United Kingdom
573585,22736,RIBBON REEL MAKING SNOWMEN ,3,2011-10-31 14:41:00,3.29,,United Kingdom
573841,20914,SET/5 RED RETROSPOT LID GLASS BOWLS,1,2011-11-01 11:39:00,2.95,14995,United Kingdom
573870,23294,SET OF 6 SNACK LOAF BAKING CASES,1,2011-11-01 12:25:00,0.83,14485,United Kingdom
573874,46000M,POLYESTER FILLER PAD 45x45cm,1,2011-11-01 12:45:00,1.55,13868,United Kingdom
573894,20676,RED RETROSPOT BOWL,1,2011-11-01 13:59:00,1.25,17812,United Kingdom
573928,21929,JUMBO BAG PINK VINTAGE PAISLEY,10,2011-11-02 10:07:00,2.08,16839,United Kingdom
573989,23091,check,2,2011-11-02 11:14:00,0,,United Kingdom
574076,90200B,BLACK SWEETHEART BRACELET,1,2011-11-02 15:38:00,4.15,,United Kingdom
574170,20971,PINK BLUE FELT CRAFT TRINKET BOX,4,2011-11-03 11:43:00,1.25,16221,United Kingdom
574234,22960,JAM MAKING SET WITH JARS,6,2011-11-03 12:28:00,4.25,15271,United Kingdom
574249,23344,JUMBO BAG 50'S CHRISTMAS ,6,2011-11-03 13:01:00,2.08,16347,United Kingdom
574295,22768,FAMILY PHOTO FRAME CORNICE,12,2011-11-03 15:47:00,9.95,17389,United Kingdom
574481,21080,SET/20 RED RETROSPOT PAPER NAPKINS ,1,2011-11-04 12:45:00,0.85,18022,United Kingdom
574550,21623,VINTAGE UNION JACK MEMOBOARD,3,2011-11-04 15:18:00,9.95,12484,Spain
574663,21314,SMALL GLASS HEART TRINKET POT,8,2011-11-06 12:04:00,2.1,13527,United Kingdom
574673,22983,CARD BILLBOARD FONT,12,2011-11-06 12:26:00,0.42,15555,United Kingdom
574681,21889,WOODEN BOX OF DOMINOES,12,2011-11-06 12:41:00,1.25,15156,United Kingdom
574714,23265,SET OF 3 WOODEN TREE DECORATIONS,2,2011-11-06 14:29:00,1.25,15427,United Kingdom
574856,85099B,JUMBO BAG RED RETROSPOT,12,2011-11-07 12:06:00,4.13,,United Kingdom
574892,22805,BLUE DRAWER KNOB ACRYLIC EDWARDIAN,36,2011-11-07 14:40:00,1.25,14700,United Kingdom
574935,84946,ANTIQUE SILVER T-LIGHT GLASS,48,2011-11-07 16:54:00,1.25,13199,United Kingdom
574950,82486,3 DRAWER ANTIQUE WHITE WOOD CABINET,1,2011-11-08 09:29:00,16.63,,United Kingdom
575017,22737,RIBBON REEL CHRISTMAS PRESENT ,5,2011-11-08 11:25:00,1.65,17219,United Kingdom
575073,23480,MINI LIGHTS WOODLAND MUSHROOMS,3,2011-11-08 13:10:00,3.75,13975,United Kingdom
575331,20725,LUNCH BAG RED RETROSPOT,10,2011-11-09 13:52:00,1.65,13209,United Kingdom
575477,20985,HEART CALCULATOR,4,2011-11-09 16:14:00,2.46,,United Kingdom
575477,22599,CHRISTMAS MUSICAL ZINC STAR,6,2011-11-09 16:14:00,0.83,,United Kingdom
575477,23287,RED VINTAGE SPOT BEAKER,5,2011-11-09 16:14:00,1.63,,United Kingdom
575484,23084,RABBIT NIGHT LIGHT,6,2011-11-09 17:02:00,2.08,16670,United Kingdom
575491,21708,FOLDING UMBRELLA CREAM POLKADOT,1,2011-11-09 17:47:00,4.95,15531,United Kingdom
575499,23035,DRAWER KNOB CERAMIC IVORY,12,2011-11-10 09:56:00,1.45,16003,United Kingdom
575519,22617,BAKING SET SPACEBOY DESIGN,3,2011-11-10 10:53:00,4.95,12682,France
575642,22666,RECIPE BOX PANTRY YELLOW DESIGN,8,2011-11-10 14:07:00,2.95,14466,United Kingdom
575756,85123A,WHITE HANGING HEART T-LIGHT HOLDER,2,2011-11-11 10:48:00,2.95,18118,United Kingdom
575852,22745,POPPY'S PLAYHOUSE BEDROOM ,3,2011-11-11 12:17:00,2.1,17238,United Kingdom
575902,22707,WRAP MONSTER FUN ,25,2011-11-11 15:20:00,0.42,15544,United Kingdom
575930,22144,CHRISTMAS CRAFT LITTLE FRIENDS,6,2011-11-11 17:58:00,4.13,,United Kingdom
575947,21169,YOU'RE CONFUSING ME METAL SIGN ,1,2011-11-13 11:50:00,4.13,,United Kingdom
576052,22557,PLASTERS IN TIN VINTAGE PAISLEY ,2,2011-11-13 14:48:00,1.65,15787,United Kingdom
576057,22197,POPCORN HOLDER,24,2011-11-13 15:05:00,0.85,15861,United Kingdom
576078,22301,COFFEE MUG CAT + BIRD DESIGN,2,2011-11-13 16:22:00,2.55,14432,United Kingdom
576089,21791,VINTAGE HEADS AND TAILS CARD GAME ,12,2011-11-14 08:56:00,1.25,17663,United Kingdom
576191,23356,LOVE HOT WATER BOTTLE,2,2011-11-14 11:54:00,5.95,17377,United Kingdom
576228,23084,RABBIT NIGHT LIGHT,3,2011-11-14 13:12:00,2.08,15033,United Kingdom
576254,21648,ASSORTED TUTTI FRUTTI SMALL PURSE,24,2011-11-14 14:02:00,1.25,16422,United Kingdom
576339,85131B,BEADED CRYSTAL HEART GREEN ON STICK,43,2011-11-14 15:27:00,0.83,14096,United Kingdom
576564,47559B,TEA TIME OVEN GLOVE,2,2011-11-15 13:32:00,1.25,15311,United Kingdom
576615,22535,MAGIC DRAWING SLATE BUNNIES ,3,2011-11-15 16:42:00,0.42,17231,United Kingdom
576617,22023,EMPIRE BIRTHDAY CARD,1,2011-11-15 16:57:00,0.83,,United Kingdom
576617,22043,CHRISTMAS CARD SCREEN PRINT ,2,2011-11-15 16:57:00,0.42,,United Kingdom
576618,23695,DOILY THANK YOU CARD,1,2011-11-15 17:00:00,0.83,,United Kingdom
576625,22094,RED RETROSPOT TISSUE BOX,1,2011-11-15 17:20:00,0.39,15571,United Kingdom
576651,85048,15CM CHRISTMAS GLASS BALL 20 LIGHTS,4,2011-11-16 10:37:00,7.95,14626,United Kingdom
576840,22076,6 RIBBONS EMPIRE  ,1,2011-11-16 15:23:00,1.25,,United Kingdom
576864,22082,RIBBON REEL STRIPES DESIGN ,2,2011-11-16 16:06:00,1.65,12748,United Kingdom
576890,23353,6 GIFT TAGS VINTAGE CHRISTMAS ,12,2011-11-16 17:25:00,0.83,12662,Germany
577051,22227,HANGING HEART MIRROR DECORATION ,1,2011-11-17 14:02:00,0.65,14034,United Kingdom
577095,85034B,3 WHITE CHOC MORRIS BOXED CANDLES,1,2011-11-17 16:39:00,1.25,15867,United Kingdom
577126,21559,STRAWBERRY LUNCH BOX WITH CUTLERY,24,2011-11-17 19:22:00,2.55,12406,Denmark
577312,23333,IVORY WICKER HEART MEDIUM,12,2011-11-18 13:18:00,1.25,17049,United Kingdom
577480,85123A,WHITE HANGING HEART T-LIGHT HOLDER,64,2011-11-20 11:37:00,2.55,14525,United Kingdom
577800,23206,LUNCH BAG APPLE DESIGN,10,2011-11-21 17:00:00,1.65,15484,United Kingdom
577985,21535,RED RETROSPOT SMALL MILK JUG,6,2011-11-22 12:25:00,2.55,15116,United Kingdom
578065,21810,CHRISTMAS HANGING STAR WITH BELL,9,2011-11-22 15:41:00,0.83,,United Kingdom
578088,35961,FOLKART ZINC HEART CHRISTMAS DEC,3,2011-11-22 16:47:00,0.85,16376,United Kingdom
578146,23535,WALL ART BICYCLE SAFETY,1,2011-11-23 11:07:00,5.95,13742,United Kingdom
578262,22952,60 CAKE CASES VINTAGE CHRISTMAS,5,2011-11-23 13:27:00,0.55,18283,United Kingdom
578270,22544,MINI JIGSAW SPACEBOY,1,2011-11-23 13:39:00,0.83,14096,United Kingdom
578289,23393,HOME SWEET HOME CUSHION COVER ,9,2011-11-23 14:07:00,3.75,17841,United Kingdom
578293,23382,BOX OF 6 CHRISTMAS CAKE DECORATIONS,8,2011-11-23 14:36:00,3.75,15640,United Kingdom
578347,22158,3 HEARTS HANGING DECORATION RUSTIC,1,2011-11-24 09:26:00,5.79,,United Kingdom
578349,23480,MINI LIGHTS WOODLAND MUSHROOMS,4,2011-11-24 09:50:00,3.75,14539,United Kingdom
578349,22142,CHRISTMAS CRAFT WHITE FAIRY ,12,2011-11-24 09:50:00,1.45,14539,United Kingdom
578488,22795,SWEETHEART RECIPE BOOK STAND,2,2011-11-24 12:53:00,6.75,12784,Portugal
578667,22091,EMPIRE TISSUE BOX,2,2011-11-24 17:10:00,0.39,15514,United Kingdom
578827,21288,STRIPEY CHOCOLATE NESTING BOXES,1,2011-11-25 14:25:00,3.29,,United Kingdom
578834,22639,SET OF 4 NAPKIN CHARMS HEARTS,4,2011-11-25 15:32:00,2.55,18109,United Kingdom
578844,90130A,WHITE STONE/CRYSTAL EARRINGS,1,2011-11-25 16:14:00,2.9,,United Kingdom
578922,22141,CHRISTMAS CRAFT TREE TOP ANGEL,1,2011-11-27 12:00:00,2.1,17236,United Kingdom
578926,22457,NATURAL SLATE HEART CHALKBOARD ,1,2011-11-27 12:24:00,2.95,18156,United Kingdom
578926,21080,SET/20 RED RETROSPOT PAPER NAPKINS ,2,2011-11-27 12:24:00,0.85,18156,United Kingdom
578998,22191,IVORY DINER WALL CLOCK,1,2011-11-27 16:05:00,8.5,15436,United Kingdom
579093,21506,"FANCY FONT BIRTHDAY CARD, ",12,2011-11-28 10:54:00,0.42,13081,United Kingdom
579156,85048,15CM CHRISTMAS GLASS BALL 20 LIGHTS,2,2011-11-28 13:47:00,7.95,17419,United Kingdom
579196,22263,FELT EGG COSY LADYBIRD ,2,2011-11-28 15:54:00,1.63,14096,United Kingdom
579196,22692,DOORMAT WELCOME TO OUR HOME,1,2011-11-28 15:54:00,15.79,14096,United Kingdom
579413,23453,OVAL  MINI PORTRAIT FRAME,4,2011-11-29 12:50:00,1.95,13668,United Kingdom
579414,23263,SET OF 3 WOODEN HEART DECORATIONS,4,2011-11-29 12:52:00,1.25,14719,United Kingdom
579508,23566,EGG CUP MILKMAID HEIDI,3,2011-11-29 16:33:00,2.46,,United Kingdom
579561,22197,POPCORN HOLDER,10,2011-11-30 11:32:00,0.85,16115,United Kingdom
579693,23238,SET OF 4 KNICK KNACK TINS LONDON ,6,2011-11-30 14:09:00,4.15,15712,United Kingdom
579777,22109,FULL ENGLISH BREAKFAST PLATE,2,2011-11-30 15:13:00,7.46,,United Kingdom
579777,22672,FRENCH BATHROOM SIGN BLUE METAL,1,2011-11-30 15:13:00,3.29,,United Kingdom
580064,22961,JAM MAKING SET PRINTED,6,2011-12-01 13:32:00,1.45,18077,United Kingdom
580097,82483,WOOD 2 DRAWER CABINET WHITE FINISH,16,2011-12-01 14:58:00,5.95,14216,United Kingdom
580289,22672,FRENCH BATHROOM SIGN BLUE METAL,6,2011-12-02 13:32:00,1.65,15856,United Kingdom
580399,23293,SET OF 12 FAIRY CAKE BAKING CASES,8,2011-12-04 11:45:00,0.83,13471,United Kingdom
580527,22266,EASTER DECORATION HANGING BUNNY,4,2011-12-04 15:19:00,0.19,13736,United Kingdom
580540,23497,CLASSIC CHROME BICYCLE BELL ,12,2011-12-05 08:49:00,1.45,13417,United Kingdom
580637,23365,SET 12 COLOUR PENCILS LOVE LONDON,3,2011-12-05 12:40:00,0.65,15033,United Kingdom
580729,22733,3D TRADITIONAL CHRISTMAS STICKERS,1,2011-12-05 17:24:00,2.46,,United Kingdom
580729,23469,CARD HOLDER LOVE BIRD SMALL,1,2011-12-05 17:24:00,8.29,,United Kingdom
580907,23300,GARDENERS KNEELING PAD CUP OF TEA ,12,2011-12-06 13:13:00,1.65,13507,United Kingdom
580983,21731,RED TOADSTOOL LED NIGHT LIGHT,13,2011-12-06 16:26:00,3.29,,United Kingdom
581023,22666,RECIPE BOX PANTRY YELLOW DESIGN,15,2011-12-07 10:35:00,5.79,,United Kingdom
581266,84006,MAGIC TREE -PAPER FLOWERS,24,2011-12-08 11:25:00,0.85,12621,Germany
581412,22847,BREAD BIN DINER STYLE IVORY,1,2011-12-08 14:38:00,16.95,14415,United Kingdom
581414,22094,RED RETROSPOT TISSUE BOX,1,2011-12-08 14:39:00,0.39,14730,United Kingdom
581439,23007, SPACEBOY BABY GIFT SET,1,2011-12-08 16:30:00,10.79,,United Kingdom
581450,21809,CHRISTMAS HANGING TREE WITH BELL,2,2011-12-08 17:54:00,0.39,16794,United Kingdom
