source_row_number,defect_type,field,clean_value,dirty_value,expected_error_code,expected_outcome,expected_operation
41,NULL_TOKEN_OPTIONAL,customer_id,,None,PATTERN_MISMATCH,AUTO_CORRECTED,NULLIFY_TOKEN
95,FUTURE_DATE,invoice_date,2010-03-07 12:56:00,2099-03-07 12:56:00,OUT_OF_RANGE,QUARANTINED,
117,QUANTITY_OUTLIER,quantity,4,999999,OUT_OF_RANGE,QUARANTINED,
126,DATE_ISO_T,invoice_date,2010-03-31 17:28:00,2010-03-31T17:28:00,INVALID_FORMAT,AUTO_CORRECTED,PARSE_DATE
160,QUANTITY_OUTLIER,quantity,19,999999,OUT_OF_RANGE,QUARANTINED,
162,COUNTRY_SYNONYM,country,Italy,IT,INVALID_ENUM_VALUE,AUTO_CORRECTED,MAP_TO_ENUM
175,COLUMN_SHIFT,_record,SET OF 2 FANCY FONT TEA TOWELS,"SET,OF 2 FANCY FONT TEA TOWELS",MALFORMED_ROW,QUARANTINED,
228,COLUMN_SHIFT,_record,FAIRY CAKE BIRTHDAY CANDLE SET,"FAIRY,CAKE BIRTHDAY CANDLE SET",MALFORMED_ROW,QUARANTINED,
229,MISSING_REQUIRED,unit_price,2.96,,MISSING_REQUIRED_FIELD,QUARANTINED,
237,WHITESPACE,stock_code,84879,  84879 ,PATTERN_MISMATCH,AUTO_CORRECTED,TRIM
335,NULL_TOKEN_OPTIONAL,customer_id,,-,PATTERN_MISMATCH,AUTO_CORRECTED,NULLIFY_TOKEN
358,DATE_DMY_UNAMBIGUOUS,invoice_date,2010-10-20 13:40:00,20/10/2010 13:40,INVALID_FORMAT,AUTO_CORRECTED,PARSE_DATE
380,CASE,country,United Kingdom,united kingdom,INVALID_ENUM_VALUE,AUTO_CORRECTED,NORMALIZE_CASE
381,DATE_AMBIGUOUS,invoice_date,2010-11-09 08:24:00,09/11/2010 08:24,INVALID_FORMAT,QUARANTINED,
393,WHITESPACE,invoice_no,532291, 	532291 ,PATTERN_MISMATCH,AUTO_CORRECTED,TRIM
403,COMBINED_FIXABLE,invoice_date,2010-11-15 17:11:00,15/11/2010 17:11,INVALID_FORMAT,AUTO_CORRECTED,PARSE_DATE
403,COMBINED_FIXABLE,unit_price,4.95,£4.95,INVALID_FORMAT,AUTO_CORRECTED,PARSE_NUMBER
403,COMBINED_FIXABLE,country,United Kingdom,UK,INVALID_ENUM_VALUE,AUTO_CORRECTED,MAP_TO_ENUM
409,COMBINED_MIXED,invoice_date,2010-11-17 10:12:00,2010-11-17T10:12:00,INVALID_FORMAT,QUARANTINED,
409,COMBINED_MIXED,country,United Kingdom,,MISSING_REQUIRED_FIELD,QUARANTINED,
415,NULL_TOKEN_REQUIRED,quantity,1,NA,MISSING_REQUIRED_FIELD,QUARANTINED,
419,NEGATIVE_PRICE,unit_price,0.85,-0.85,OUT_OF_RANGE,QUARANTINED,
466,NULL_TOKEN_REQUIRED,quantity,1,NA,MISSING_REQUIRED_FIELD,QUARANTINED,
498,FLOAT_ID,customer_id,17978,17978.0,PATTERN_MISMATCH,AUTO_CORRECTED,PARSE_NUMBER
514,COMBINED_FIXABLE,invoice_date,2010-12-16 12:15:00,16/12/2010 12:15,INVALID_FORMAT,AUTO_CORRECTED,PARSE_DATE
514,COMBINED_FIXABLE,unit_price,2.95,£2.95,INVALID_FORMAT,AUTO_CORRECTED,PARSE_NUMBER
514,COMBINED_FIXABLE,country,United Kingdom,UK,INVALID_ENUM_VALUE,AUTO_CORRECTED,MAP_TO_ENUM
534,CURRENCY_SYMBOL,unit_price,3.75,£3.75,INVALID_FORMAT,AUTO_CORRECTED,PARSE_NUMBER
536,NULL_TOKEN_OPTIONAL,customer_id,,-,PATTERN_MISMATCH,AUTO_CORRECTED,NULLIFY_TOKEN
539,FUTURE_DATE,invoice_date,2011-01-11 13:16:00,2099-01-11 13:16:00,OUT_OF_RANGE,QUARANTINED,
544,COUNTRY_SYNONYM,country,United Kingdom,GBR,INVALID_ENUM_VALUE,AUTO_CORRECTED,MAP_TO_ENUM
550,CURRENCY_SYMBOL,unit_price,3.29,£3.29,INVALID_FORMAT,AUTO_CORRECTED,PARSE_NUMBER
555,COMBINED_MIXED,invoice_date,2011-01-18 15:19:00,,MISSING_REQUIRED_FIELD,QUARANTINED,
555,COMBINED_MIXED,country,United Kingdom,united kingdom,INVALID_ENUM_VALUE,QUARANTINED,
590,COUNTRY_SYNONYM,country,United Kingdom,UK,INVALID_ENUM_VALUE,AUTO_CORRECTED,MAP_TO_ENUM
595,DECIMAL_COMMA,unit_price,2.5,"2,5",INVALID_FORMAT,AUTO_CORRECTED,PARSE_NUMBER
609,FLOAT_ID,customer_id,14329,14329.0,PATTERN_MISMATCH,AUTO_CORRECTED,PARSE_NUMBER
618,WHITESPACE,invoice_no,547250,	547250 	,PATTERN_MISMATCH,AUTO_CORRECTED,TRIM
622,DATE_ISO_T,invoice_date,2011-03-24 09:50:00,2011-03-24T09:50:00,INVALID_FORMAT,AUTO_CORRECTED,PARSE_DATE
637,CANCEL_SIGN_MISMATCH,_record,4,-4,BUSINESS_RULE_VIOLATION,QUARANTINED,
710,DATE_DMY_UNAMBIGUOUS,invoice_date,2011-06-27 15:04:00,27/06/2011 15:04,INVALID_FORMAT,AUTO_CORRECTED,PARSE_DATE
714,DATE_ISO_T,invoice_date,2011-06-30 13:45:00,2011-06-30T13:45:00,INVALID_FORMAT,AUTO_CORRECTED,PARSE_DATE
715,GARBAGE_NUMBER,quantity,2,2x,INVALID_TYPE,QUARANTINED,
720,DECIMAL_COMMA,unit_price,0.16,"0,16",INVALID_FORMAT,AUTO_CORRECTED,PARSE_NUMBER
725,GARBAGE_NUMBER,quantity,1,1x,INVALID_TYPE,QUARANTINED,
732,CANCEL_SIGN_MISMATCH,_record,1,-1,BUSINESS_RULE_VIOLATION,QUARANTINED,
795,DATE_AMBIGUOUS,invoice_date,2011-09-11 13:39:00,11/09/2011 13:39,INVALID_FORMAT,QUARANTINED,
822,CURRENCY_SYMBOL,unit_price,1.45,£1.45,INVALID_FORMAT,AUTO_CORRECTED,PARSE_NUMBER
852,CASE,country,United Kingdom,united kingdom,INVALID_ENUM_VALUE,AUTO_CORRECTED,NORMALIZE_CASE
885,FLOAT_ID,customer_id,12362,12362.0,PATTERN_MISMATCH,AUTO_CORRECTED,PARSE_NUMBER
904,CASE,country,Spain,spain,INVALID_ENUM_VALUE,AUTO_CORRECTED,NORMALIZE_CASE
912,MISSING_REQUIRED,unit_price,16.63,,MISSING_REQUIRED_FIELD,QUARANTINED,
922,NEGATIVE_PRICE,unit_price,4.95,-4.95,OUT_OF_RANGE,QUARANTINED,
945,DATE_DMY_UNAMBIGUOUS,invoice_date,2011-11-16 16:06:00,16/11/2011 16:06,INVALID_FORMAT,AUTO_CORRECTED,PARSE_DATE
947,DECIMAL_COMMA,unit_price,0.65,"0,65",INVALID_FORMAT,AUTO_CORRECTED,PARSE_NUMBER
950,COMBINED_FIXABLE,invoice_date,2011-11-18 13:18:00,18/11/2011 13:18,INVALID_FORMAT,AUTO_CORRECTED,PARSE_DATE
950,COMBINED_FIXABLE,unit_price,1.25,£1.25,INVALID_FORMAT,AUTO_CORRECTED,PARSE_NUMBER
950,COMBINED_FIXABLE,country,United Kingdom,GBR,INVALID_ENUM_VALUE,AUTO_CORRECTED,MAP_TO_ENUM
