InvoiceNo,StockCode,Description,Quantity,InvoiceDate,UnitPrice,CustomerID,Country
536406,82486,WOOD S/3 CABINET ANT WHITE FINISH,4,2010-12-01 11:33:00,6.95,17850,United Kingdom
536412,22086,PAPER CHAIN KIT 50'S CHRISTMAS ,1,2010-12-01 11:49:00,2.95,17920,United Kingdom
536530,21662,VINTAGE GLASS COFFEE CADDY,1,2010-12-01 13:21:00,5.95,17905,United Kingdom
536544,85049G,CHOCOLATE BOX RIBBONS ,1,2010-12-01 14:32:00,2.51,,United Kingdom
536571,84360,TABLE LAMP WHITE SHADE WOOD BASE,2,2010-12-01 15:37:00,5.95,14696,United Kingdom
536592,22301,COFFEE MUG CAT + BIRD DESIGN,2,2010-12-01 17:06:00,5.06,,United Kingdom
536592,22745,POPPY'S PLAYHOUSE BEDROOM ,1,2010-12-01 17:06:00,4.21,,United Kingdom
536624,21584,RETROSPOT SMALL TUBE MATCHES,20,2010-12-02 10:45:00,1.65,13418,United Kingdom
536643,84997B,RED 3 PIECE RETROSPOT CUTLERY SET,3,2010-12-02 11:57:00,3.75,14390,United Kingdom
536876,22271,FELTCRAFT DOLL ROSIE,1,2010-12-03 11:36:00,5.91,,United Kingdom
536876,20724,RED RETROSPOT CHARLOTTE BAG,3,2010-12-03 11:36:00,1.66,,United Kingdom
536981,20970,PINK FLORAL FELTCRAFT SHOULDER BAG,1,2010-12-03 14:26:00,3.75,14723,United Kingdom
537044,84819,DANISH ROSE ROUND SEWING BOX,3,2010-12-05 10:52:00,4.25,18055,United Kingdom
537129,48185,DOORMAT FAIRY CAKE,2,2010-12-05 12:15:00,7.95,13506,United Kingdom
537137,21157,RED RETROSPOT WASHBAG,11,2010-12-05 12:43:00,2.1,16327,United Kingdom
537216,22473,TV DINNER TRAY VINTAGE PAISLEY,4,2010-12-05 15:40:00,4.95,15502,United Kingdom
537219,20749,ASSORTED COLOUR MINI CASES,1,2010-12-05 15:47:00,7.95,14081,United Kingdom
537225,84707B,PINK JEWELLED MIRROR TRINKET TRAY,1,2010-12-05 16:41:00,9.95,12748,United Kingdom
537237,22912,YELLOW COAT RACK PARIS FASHION,1,2010-12-06 09:58:00,11.02,,United Kingdom
537362,16011,ANIMAL STICKERS,41,2010-12-06 12:34:00,0.21,17596,United Kingdom
537399,21784,SHOE SHINE BOX ,1,2010-12-06 14:31:00,9.95,13030,United Kingdom
537433,22086,PAPER CHAIN KIT 50'S CHRISTMAS ,80,2010-12-06 16:36:00,2.55,12913,United Kingdom
537534,48184,DOORMAT ENGLISH ROSE ,3,2010-12-07 11:48:00,0,,United Kingdom
537604,22185,SLATE TILE NATURAL HANGING,12,2010-12-07 13:01:00,1.65,13488,United Kingdom
537623,22748,POPPY'S PLAYHOUSE KITCHEN,1,2010-12-07 14:31:00,2.1,15858,United Kingdom
537638,22904,CALENDAR PAPER CUT DESIGN,4,2010-12-07 15:28:00,5.91,,United Kingdom
537643,84510c,SET OF 4 POLKADOT COASTERS,1,2010-12-07 15:34:00,2.51,,United Kingdom
537794,22110,BIRD HOUSE HOT WATER BOTTLE,2,2010-12-08 13:01:00,2.55,16713,United Kingdom
538036,21690,,34,2010-12-09 13:04:00,0,,United Kingdom
538051,84985A,SET OF 72 GREEN PAPER DOILIES,1,2010-12-09 13:24:00,1.45,18041,United Kingdom
538056,22071,SMALL WHITE RETROSPOT MUG IN BOX ,2,2010-12-09 13:34:00,3.75,17198,United Kingdom
538077,21172,PARTY METAL SIGN ,5,2010-12-09 14:19:00,1.45,14667,United Kingdom
C538121,22461,SAVOY ART DECO CLOCK,-1,2010-12-09 15:36:00,12.75,15535,United Kingdom
538149,85035a,GARDENIA 3 WICK MORRIS BOXED CANDLE,1,2010-12-09 16:27:00,8.47,,United Kingdom
538177,35957,SMALLFOLKART BAUBLE CHRISTMAS DEC,4,2010-12-10 09:51:00,1.66,,United Kingdom
538349,84459B,YELLOW METAL CHICKEN HEART ,2,2010-12-10 14:59:00,3.36,,United Kingdom
538378,82599,FANNY'S REST STOPMETAL SIGN,5,2010-12-12 11:26:00,2.1,14577,United Kingdom
538449,21871,SAVE THE PLANET MUG,2,2010-12-12 12:24:00,1.25,17085,United Kingdom
538507,82494L,WOODEN FRAME ANTIQUE WHITE ,6,2010-12-12 13:26:00,2.95,15547,United Kingdom
538508,22460,EMBOSSED GLASS TEALIGHT HOLDER,6,2010-12-12 13:32:00,1.25,15998,United Kingdom
538524,21934,SKULL SHOULDER BAG,1,2010-12-13 09:35:00,3.36,,United Kingdom
538524,22867,HAND WARMER BIRD DESIGN,6,2010-12-13 09:35:00,4.21,,United Kingdom
538566,48185,DOORMAT FAIRY CAKE,1,2010-12-13 11:21:00,14.43,,United Kingdom
538634,22576,SWALLOW WOODEN CHRISTMAS DECORATION,6,2010-12-13 13:28:00,0.85,14085,United Kingdom
538637,22798,ANTIQUE GLASS DRESSING TABLE POT,1,2010-12-13 13:52:00,2.95,17611,United Kingdom
538665,22783,SET 3 WICKER OVAL BASKETS W LIDS,4,2010-12-13 15:56:00,7.95,17576,United Kingdom
538849,84970S,HANGING HEART ZINC T-LIGHT HOLDER,12,2010-12-14 13:31:00,0.85,14415,United Kingdom
538853,22909,SET OF 20 VINTAGE CHRISTMAS NAPKINS,2,2010-12-14 13:35:00,0.85,16805,United Kingdom
538860,22439,6 ROCKET BALLOONS ,1,2010-12-14 14:02:00,0.65,17757,United Kingdom
538865,22411,JUMBO SHOPPER VINTAGE RED PAISLEY,10,2010-12-14 14:37:00,1.95,13238,United Kingdom
538909,15060B,FAIRY CAKE DESIGN UMBRELLA,8,2010-12-15 10:48:00,3.75,13491,United Kingdom
539087,21929,JUMBO BAG PINK VINTAGE PAISLEY,100,2010-12-16 09:44:00,1.65,13093,United Kingdom
539211,21903,MAN FLU METAL SIGN,4,2010-12-16 12:15:00,2.1,16743,United Kingdom
539248,20867,PINK ROSE FABRIC MIRROR,24,2010-12-16 13:33:00,1.25,17288,United Kingdom
539281,21485,RETROSPOT HEART HOT WATER BOTTLE,6,2010-12-16 15:45:00,4.95,18176,United Kingdom
539324,22396,MAGNETS PACK OF 4 RETRO PHOTO,1,2010-12-16 19:51:00,1.25,14985,United Kingdom
539434,22186,RED STAR CARD HOLDER,1,2010-12-17 14:41:00,5.91,,United Kingdom
539473,22077,6 RIBBONS RUSTIC CHARM,12,2010-12-19 14:24:00,1.65,14911,EIRE
539478,82011C,BATHROOM SCALES FOOTPRINTS IN SAND,1,2010-12-19 15:07:00,3.75,17343,United Kingdom
539579,22721,SET OF 3 CAKE TINS SKETCHBOOK,2,2010-12-20 12:51:00,4.95,16713,United Kingdom
539595,21706,FOLDING UMBRELLA RED/WHITE POLKADOT,1,2010-12-20 13:43:00,10.17,,United Kingdom
539609,22834,HAND WARMER BABUSHKA DESIGN,24,2010-12-20 14:15:00,0.85,15527,United Kingdom
539725,48111,DOORMAT 3 SMILEY CATS,1,2010-12-21 13:58:00,7.95,17211,United Kingdom
539739,21832,CHOCOLATE CALCULATOR,2,2010-12-21 15:19:00,3.36,,United Kingdom
539831,85078,SCANDINAVIAN 3 HEARTS NAPKIN RING,1,2010-12-22 13:17:00,0.65,14606,United Kingdom
539955,22367,CHILDRENS APRON SPACEBOY DESIGN,1,2010-12-23 12:13:00,5.06,,United Kingdom
539958,84659A,WHITE TRAVEL ALARM CLOCK,4,2010-12-23 13:26:00,2.51,,United Kingdom
539958,21200,MULTICOLOUR HONEYCOMB PAPER GARLAND,1,2010-12-23 13:26:00,1.66,,United Kingdom
539958,35651,VINTAGE BEAD PINK SCARF ,9,2010-12-23 13:26:00,3.36,,United Kingdom
539958,82613D,METAL SIGN CUPCAKE SINGLE HOOK,15,2010-12-23 13:26:00,0.85,,United Kingdom
540026,72800E,4 IVORY DINNER CANDLES SILVER FLOCK,1,2011-01-04 13:25:00,3.36,,United Kingdom
540153,22676,FRENCH BLUE METAL DOOR SIGN 1,10,2011-01-05 11:25:00,1.25,15841,United Kingdom
540268,85123A,WHITE HANGING HEART T-LIGHT HOLDER,32,2011-01-06 11:25:00,2.55,13458,United Kingdom
540278,22966,GINGERBREAD MAN COOKIE CUTTER,1,2011-01-06 12:31:00,1.25,15719,United Kingdom
540352,84251G,"GREETING CARD, OVERCROWDED POOL.",1,2011-01-06 14:27:00,0.43,,United Kingdom
540355,84032A,CHARLIE+LOLA PINK HOT WATER BOTTLE,1,2011-01-06 15:11:00,5.91,,United Kingdom
540418,21352,EUCALYPTUS & PINECONE  WREATH,1,2011-01-07 11:04:00,5.91,,United Kingdom
540418,22376,AIRLINE BAG VINTAGE JET SET WHITE,1,2011-01-07 11:04:00,4.21,,United Kingdom
540458,84744,S/6 SEW ON CROCHET FLOWERS,12,2011-01-07 12:28:00,1.25,12501,Germany
540468,84509A,SET OF 4 ENGLISH ROSE PLACEMATS,6,2011-01-07 13:55:00,3.36,,United Kingdom
540468,22317,FIVE CATS HANGING DECORATION,2,2011-01-07 13:55:00,2.51,,United Kingdom
540515,22848,BREAD BIN DINER STYLE PINK,1,2011-01-09 11:54:00,16.95,15059,United Kingdom
540646,85071B,RED CHARLIE+LOLA PERSONAL DOORSIGN,7,2011-01-10 14:32:00,0.85,,United Kingdom
540802,22178,VICTORIAN GLASS HANGING T-LIGHT,96,2011-01-11 12:29:00,1.06,15189,United Kingdom
540813,20982,12 PENCILS TALL TUBE SKULLS,3,2011-01-11 12:41:00,0.85,14669,United Kingdom
540816,22900, SET 2 TEA TOWELS I LOVE LONDON ,10,2011-01-11 12:55:00,2.95,15518,United Kingdom
540821,21027,NINJA RABBIT PINK,2,2011-01-11 13:16:00,0.85,,United Kingdom
540828,20723,STRAWBERRY CHARLOTTE BAG,1,2011-01-11 14:36:00,2.51,,United Kingdom
540848,21774,DECORATIVE CATS BATHROOM BOTTLE,5,2011-01-12 09:26:00,1.28,,United Kingdom
540856,22847,BREAD BIN DINER STYLE IVORY,4,2011-01-12 10:16:00,14.95,16655,United Kingdom
540968,85184C,S/4 VALENTINE DECOUPAGE HEART BOX,3,2011-01-12 13:40:00,2.95,17338,United Kingdom
541093,22472,TV DINNER TRAY DOLLY GIRL,3,2011-01-13 13:21:00,4.95,12471,Germany
541115,22515,CHILDS GARDEN SPADE PINK,6,2011-01-13 15:34:00,2.1,12578,Italy
541119,22087,PAPER BUNTING WHITE LACE,12,2011-01-14 08:16:00,2.95,16493,United Kingdom
541133,22771,CLEAR DRAWER KNOB ACRYLIC EDWARDIAN,5,2011-01-14 10:17:00,2.46,,United Kingdom
541258,85049G,CHOCOLATE BOX RIBBONS ,3,2011-01-16 15:30:00,1.25,13634,United Kingdom
541265,22355,CHARLOTTE BAG SUKI DESIGN,4,2011-01-16 16:23:00,0.85,17609,United Kingdom
541370,22386,JUMBO BAG PINK POLKADOT,10,2011-01-17 14:51:00,1.95,18179,United Kingdom
541417,22792,FLUTED ANTIQUE CANDLE HOLDER,2,2011-01-17 16:23:00,0.85,16033,United Kingdom
541422,22818,CARD CHRISTMAS VILLAGE,1,2011-01-17 17:48:00,0.83,,United Kingdom
541424,85099F,JUMBO BAG STRAWBERRY,1,2011-01-17 17:57:00,4.13,,United Kingdom
541424,22258,FELT FARM ANIMAL RABBIT,1,2011-01-17 17:57:00,0.83,,United Kingdom
541485,22789,T-LIGHT HOLDER SWEETHEART HANGING,4,2011-01-18 13:05:00,1.95,18118,United Kingdom
541506,22659,LUNCH BOX I LOVE LONDON,1,2011-01-18 16:05:00,2.46,,United Kingdom
541523,22726,ALARM CLOCK BAKELIKE GREEN,1,2011-01-19 10:09:00,3.75,17708,United Kingdom
541576,22721,SET OF 3 CAKE TINS SKETCHBOOK,1,2011-01-19 13:32:00,4.95,17097,Spain
541592,22074,6 RIBBONS SHIMMERING PINKS ,15,2011-01-19 15:08:00,0.83,,United Kingdom
541695,22628,PICNIC BOXES SET OF 3 RETROSPOT ,13,2011-01-20 18:01:00,4.13,,United Kingdom
541789,72760B,VINTAGE CREAM 3 BASKET CAKE STAND,8,2011-01-21 13:07:00,8.49,14088,United Kingdom
541810,20665,RED RETROSPOT PURSE ,1,2011-01-21 15:00:00,5.79,,United Kingdom
541827,22372,AIRLINE BAG VINTAGE WORLD CHAMPION ,2,2011-01-21 17:05:00,4.13,,United Kingdom
541830,22345,PARTY PIZZA DISH BLUE POLKADOT,4,2011-01-21 17:09:00,0.42,,United Kingdom
541869,85152,HAND OVER THE CHOCOLATE   SIGN ,1,2011-01-24 09:35:00,4.13,,United Kingdom
541970,22988,SOLDIERS EGG CUP ,12,2011-01-24 13:48:00,1.25,15179,United Kingdom
542093,48187,DOORMAT NEW ENGLAND,10,2011-01-25 12:46:00,6.75,17677,United Kingdom
542114,22840,ROUND CAKE TIN VINTAGE RED,2,2011-01-25 14:00:00,7.95,16943,United Kingdom
542192,22560,TRADITIONAL MODELLING CLAY,24,2011-01-26 11:27:00,1.25,14049,United Kingdom
542216,22984,CARD GINGHAM ROSE ,12,2011-01-26 12:29:00,0.42,14911,EIRE
542221,48194,DOORMAT HEARTS,1,2011-01-26 12:40:00,7.95,14978,United Kingdom
542231,16161P,WRAP ENGLISH ROSE ,25,2011-01-26 13:40:00,0.42,16714,United Kingdom
542239,22413,METAL SIGN TAKE IT OR LEAVE IT ,1,2011-01-26 14:35:00,2.95,17786,United Kingdom
542255,90214S,"LETTER ""S"" BLING KEY RING",3,2011-01-26 16:43:00,0.83,,United Kingdom
542266,22815,CARD PSYCHEDELIC APPLES,12,2011-01-26 17:37:00,0.42,16918,United Kingdom
542274,22459,CAST IRON HOOK GARDEN TROWEL,8,2011-01-27 10:02:00,2.55,16782,United Kingdom
542344,21215,IVORY PAPER CUP CAKE CASES ,1,2011-01-27 11:30:00,1.25,,United Kingdom
542345,22386,JUMBO BAG PINK POLKADOT,6,2011-01-27 11:55:00,1.95,15910,United Kingdom
542419,22907,PACK OF 20 NAPKINS PANTRY DESIGN,1,2011-01-27 17:41:00,0.85,14662,United Kingdom
C542426,22746,POPPY'S PLAYHOUSE LIVINGROOM ,-6,2011-01-28 09:32:00,2.1,14146,United Kingdom
542506,22383,LUNCH BAG SUKI  DESIGN ,10,2011-01-28 12:06:00,1.65,16523,United Kingdom
542534,22969,HOMEMADE JAM SCENTED CANDLES,12,2011-01-28 13:27:00,1.45,13707,United Kingdom
542535,22139,RETROSPOT TEA SET CERAMIC 11 PC ,3,2011-01-28 13:37:00,4.95,12735,France
542618,22470,HEART OF WICKER LARGE,2,2011-01-30 15:52:00,2.95,14502,United Kingdom
542624,22378,WALL TIDY RETROSPOT ,2,2011-01-31 09:48:00,4.96,,United Kingdom
542662,21791,VINTAGE HEADS AND TAILS CARD GAME ,12,2011-01-31 12:10:00,1.25,18145,United Kingdom
542729,22636,CHILDS BREAKFAST SET CIRCUS PARADE,4,2011-01-31 15:17:00,8.5,15194,United Kingdom
542777,21559,STRAWBERRY LUNCH BOX WITH CUTLERY,6,2011-02-01 08:31:00,2.55,14911,EIRE
542886,22977,DOLLY GIRL CHILDRENS EGG CUP,2,2011-02-01 13:09:00,1.25,16515,United Kingdom
542895,84509A,SET OF 4 ENGLISH ROSE PLACEMATS,1,2011-02-01 13:47:00,3.75,14549,United Kingdom
542902,21672,WHITE SPOT RED CERAMIC DRAWER KNOB,12,2011-02-01 14:43:00,1.25,16011,United Kingdom
542906,18094C,WHITE AND BLUE CERAMIC OIL BURNER,2,2011-02-01 15:12:00,2.46,,United Kingdom
542906,84951B,SET OF 4 BLACK LOVEBIRD COASTERS,2,2011-02-01 15:12:00,4.96,,United Kingdom
543000,22196,SMALL HEART MEASURING SPOONS,1,2011-02-02 12:17:00,1.63,,United Kingdom
543116,22470,HEART OF WICKER LARGE,24,2011-02-03 13:29:00,2.95,17672,United Kingdom
543237,20675,BLUE POLKADOT BOWL,3,2011-02-04 13:39:00,2.46,,United Kingdom
543242,22841,ROUND CAKE TIN VINTAGE GREEN,2,2011-02-04 14:03:00,7.95,15090,United Kingdom
543264,22380,TOY TIDY SPACEBOY  ,10,2011-02-04 16:34:00,2.1,13069,United Kingdom
543345,22728,ALARM CLOCK BAKELIKE PINK,1,2011-02-07 12:29:00,7.46,,United Kingdom
543358,85131B,BEADED CRYSTAL HEART GREEN ON STICK,3,2011-02-07 14:04:00,0.83,,United Kingdom
543371,21158,MOODY GIRL DOOR HANGER ,1,2011-02-07 14:53:00,1.45,14048,United Kingdom
543382,21985,PACK OF 12 HEARTS DESIGN TISSUES ,12,2011-02-07 16:21:00,0.29,14030,United Kingdom
543399,20681,PINK POLKADOT CHILDRENS UMBRELLA,1,2011-02-08 11:07:00,6.63,,United Kingdom
543463,22364,GLASS JAR DIGESTIVE BISCUITS,1,2011-02-08 14:06:00,2.95,15311,United Kingdom
543530,22502,PICNIC BASKET WICKER SMALL,3,2011-02-09 12:46:00,8.29,,United Kingdom
543532,21843,RED RETROSPOT CAKE STAND,1,2011-02-09 12:59:00,20.79,,United Kingdom
543748,21755,LOVE BUILDING BLOCK WORD,12,2011-02-11 13:54:00,5.95,12913,United Kingdom
543823,21658,GLASS  BEURRE DISH,48,2011-02-14 09:27:00,3.39,17937,United Kingdom
543899,84380,SET OF 3 BUTTERFLY COOKIE CUTTERS,12,2011-02-14 12:11:00,1.25,,EIRE
543973,85206A,CREAM FELT EASTER EGG BASKET,1,2011-02-14 15:15:00,1.65,17571,United Kingdom
543975,90018A,SILVER M.O.P ORBIT DROP EARRINGS,2,2011-02-14 15:23:00,4.25,17231,United Kingdom
544074,22411,JUMBO SHOPPER VINTAGE RED PAISLEY,2,2011-02-15 14:49:00,1.95,14156,EIRE
544089,22294,HEART FILIGREE DOVE  SMALL,1,2011-02-15 17:51:00,2.46,,United Kingdom
544186,22894,TABLECLOTH RED APPLES DESIGN ,1,2011-02-16 15:56:00,8.29,,United Kingdom
544392,84997C,BLUE 3 PIECE POLKADOT CUTLERY SET,72,2011-02-18 11:54:00,3.75,14680,United Kingdom
544406,22537,MAGIC DRAWING SLATE DINOSAUR,11,2011-02-18 13:26:00,0.42,16726,United Kingdom
544411,22646,CERAMIC STRAWBERRY CAKE MONEY BANK,12,2011-02-18 14:18:00,1.45,13799,United Kingdom
544452,84917,WHITE HAND TOWEL WITH BUTTERFLY,3,2011-02-20 12:32:00,5.95,14162,United Kingdom
544463,90160C,TURQ+RED BOUDICCA LARGE BRACELET,1,2011-02-20 14:31:00,6.95,12988,United Kingdom
544463,82494L,WOODEN FRAME ANTIQUE WHITE ,6,2011-02-20 14:31:00,2.95,12988,United Kingdom
544586,22629,SPACEBOY LUNCH BOX ,3,2011-02-21 15:04:00,1.95,17338,United Kingdom
544599,22961,JAM MAKING SET PRINTED,3,2011-02-21 18:15:00,3.29,,United Kingdom
544645,22492,MINI PAINT SET VINTAGE ,36,2011-02-22 11:58:00,0.65,16843,United Kingdom
544657,22692,DOORMAT WELCOME TO OUR HOME,2,2011-02-22 13:08:00,7.95,14895,United Kingdom
544657,22090,PAPER BUNTING RETROSPOT,6,2011-02-22 13:08:00,2.95,14895,United Kingdom
544661,22781,GUMBALL MAGAZINE RACK,2,2011-02-22 13:59:00,7.65,15303,United Kingdom
544673,22639,SET OF 4 NAPKIN CHARMS HEARTS,3,2011-02-22 15:46:00,2.55,13421,United Kingdom
544685,22727,ALARM CLOCK BAKELIKE RED ,4,2011-02-22 17:13:00,3.75,13285,United Kingdom
544918,21061,PARTY INVITES FOOTBALL,12,2011-02-24 16:30:00,0.85,13081,United Kingdom
544928,47566,PARTY BUNTING,1,2011-02-24 18:07:00,10.79,,United Kingdom
544935,10002,INFLATABLE POLITICAL GLOBE ,24,2011-02-25 09:09:00,0.85,13870,United Kingdom
544937,22355,CHARLOTTE BAG SUKI DESIGN,10,2011-02-25 10:09:00,0.85,12839,United Kingdom
545027,20734,SILVER MINI TAPE MEASURE ,7,2011-02-25 14:59:00,1.63,,United Kingdom
545054,48129,DOORMAT TOPIARY,1,2011-02-27 12:41:00,7.95,14472,United Kingdom
545057,22148,EASTER CRAFT 4 CHICKS ,12,2011-02-27 12:49:00,1.95,13630,United Kingdom
545087,22433,WATERING CAN GREEN DINOSAUR,6,2011-02-28 11:46:00,1.95,16422,United Kingdom
545186,22966,GINGERBREAD MAN COOKIE CUTTER,2,2011-02-28 15:05:00,1.25,17841,United Kingdom
545215,22585,PACK OF 6 BIRDY GIFT TAGS,1,2011-02-28 16:47:00,2.46,,United Kingdom
545217,22951,60 CAKE CASES DOLLY GIRL DESIGN,1,2011-02-28 16:59:00,1.25,,United Kingdom
545223,22487,WHITE WOOD GARDEN PLANT LADDER,4,2011-03-01 08:58:00,8.5,16462,United Kingdom
545226,21928,JUMBO BAG SCANDINAVIAN BLUE PAISLEY,10,2011-03-01 09:33:00,1.95,12428,Finland
545300,85062,PEARL CRYSTAL PUMPKIN T-LIGHT HLDR,12,2011-03-01 12:24:00,1.65,15092,United Kingdom
545346,21181,PLEASE ONE PERSON METAL SIGN,12,2011-03-02 09:49:00,2.1,12834,United Kingdom
545415,84228,HEN HOUSE W CHICK STANDING,12,2011-03-02 13:03:00,0.42,15641,United Kingdom
545447,22274,FELTCRAFT DOLL EMILY,6,2011-03-02 16:34:00,2.95,17426,United Kingdom
545460,22972,CHILDREN'S SPACEBOY MUG,1,2011-03-02 17:33:00,1.65,13230,United Kingdom
545464,22544,MINI JIGSAW SPACEBOY,10,2011-03-03 09:10:00,0.83,,United Kingdom
545557,POST,POSTAGE,1,2011-03-03 15:30:00,18,12500,Germany
545657,22975,SPACEBOY CHILDRENS EGG CUP,12,2011-03-04 14:02:00,1.25,14911,EIRE
545692,22073,RED RETROSPOT STORAGE JAR,4,2011-03-06 12:58:00,3.75,17428,United Kingdom
545790,22624,IVORY KITCHEN SCALES,2,2011-03-07 12:12:00,8.5,16316,United Kingdom
C545829,84378,SET OF 3 HEART COOKIE CUTTERS,-24,2011-03-07 13:08:00,1.25,15290,United Kingdom
545835,21745,GAOLERS KEYS DECORATIVE GARDEN ,1,2011-03-07 13:17:00,3.75,17654,United Kingdom
545888,84991,60 TEATIME FAIRY CAKE CASES,120,2011-03-07 16:14:00,0.42,13798,United Kingdom
545945,22777,GLASS CLOCHE LARGE,1,2011-03-08 12:07:00,8.5,16710,United Kingdom
545945,22998,TRAVEL CARD WALLET KEEP CALM,4,2011-03-08 12:07:00,0.42,16710,United Kingdom
545991,72760B,VINTAGE CREAM 3 BASKET CAKE STAND,1,2011-03-08 13:12:00,9.95,15311,United Kingdom
545995,22207,FRYING PAN UNION FLAG,2,2011-03-08 13:54:00,4.25,15023,United Kingdom
546028,22168,ORGANISER WOOD ANTIQUE WHITE ,2,2011-03-09 08:33:00,8.5,17049,United Kingdom
546096,82581,TOILET METAL SIGN,12,2011-03-09 11:59:00,0.55,15502,United Kingdom
546305,22328,ROUND SNACK BOXES SET OF 4 FRUITS ,1,2011-03-10 16:16:00,2.95,14056,United Kingdom
546315,23052,RECYCLED ACAPULCO MAT TURQUOISE,2,2011-03-11 08:31:00,8.25,16558,United Kingdom
546378,21456,2 PICTURE BOOK EGGS EASTER CHICKS,12,2011-03-11 12:17:00,1.25,14329,United Kingdom
546378,22284,HEN HOUSE DECORATION,12,2011-03-11 12:17:00,1.65,14329,United Kingdom
546509,21531,RED RETROSPOT SUGAR JAM BOWL,6,2011-03-14 12:15:00,2.55,14911,EIRE
546556,22752,SET 7 BABUSHKA NESTING BOXES,4,2011-03-15 09:32:00,8.5,16156,United Kingdom
546638,21733,RED HANGING HEART T-LIGHT HOLDER,6,2011-03-15 12:52:00,2.95,15106,United Kingdom
546648,84991,60 TEATIME FAIRY CAKE CASES,8,2011-03-15 14:15:00,1.25,,United Kingdom
546648,21213,PACK OF 72 SKULL CAKE CASES,5,2011-03-15 14:15:00,2.08,,United Kingdom
546653,85132a,CHARLIE + LOLA BISCUITS TINS,1,2011-03-15 14:18:00,8.29,,United Kingdom
546677,84879,ASSORTED COLOUR BIRD ORNAMENT,160,2011-03-15 16:29:00,1.45,18144,United Kingdom
546685,21928,JUMBO BAG SCANDINAVIAN BLUE PAISLEY,10,2011-03-16 09:52:00,1.95,15687,United Kingdom
546729,22771,CLEAR DRAWER KNOB ACRYLIC EDWARDIAN,12,2011-03-16 11:36:00,1.25,18231,United Kingdom
546751,48185,DOORMAT FAIRY CAKE,1,2011-03-16 12:45:00,7.95,13668,United Kingdom
546771,21174,POTTERING IN THE SHED METAL SIGN,1,2011-03-16 15:19:00,2.08,17515,United Kingdom
546781,21878,PACK OF 6 SANDCASTLE FLAGS ASSORTED,12,2011-03-17 09:03:00,0.85,12955,United Kingdom
546862,21164,HOME SWEET HOME METAL SIGN ,6,2011-03-17 15:34:00,2.95,16216,United Kingdom
546892,21181,PLEASE ONE PERSON METAL SIGN,1,2011-03-17 18:20:00,4.13,,United Kingdom
546963,22644,CERAMIC CHERRY CAKE MONEY BANK,12,2011-03-18 11:39:00,1.45,16779,United Kingdom
547042,85173,SET/6 FROG PRINCE T-LIGHT CANDLES,1,2011-03-20 11:00:00,4.96,,United Kingdom
547058,21933,PINK VINTAGE PAISLEY PICNIC BAG,5,2011-03-20 12:44:00,2.95,14232,United Kingdom
547083,21625,VINTAGE UNION JACK APRON,1,2011-03-20 15:21:00,6.95,15452,United Kingdom
547103,23184,BULL DOG BOTTLE OPENER,6,2011-03-21 10:54:00,4.95,15218,United Kingdom
547106,20685,DOORMAT RED RETROSPOT,1,2011-03-21 11:24:00,7.95,15039,United Kingdom
547205,21232,STRAWBERRY CERAMIC TRINKET BOX,12,2011-03-21 14:00:00,1.25,16558,United Kingdom
547209,22434,BALLOON PUMP WITH 10 BALLOONS,16,2011-03-21 14:44:00,1.95,13081,United Kingdom
547386,22666,RECIPE BOX PANTRY YELLOW DESIGN,1,2011-03-22 15:52:00,5.79,,United Kingdom
547488,85053,FRENCH ENAMEL CANDLEHOLDER,2,2011-03-23 11:30:00,2.1,13821,United Kingdom
547500,21915,RED  HARMONICA IN BOX ,12,2011-03-23 12:39:00,1.25,13408,United Kingdom
547515,84879,ASSORTED COLOUR BIRD ORNAMENT,16,2011-03-23 14:02:00,1.69,13267,United Kingdom
547650,21034,REX CASH+CARRY JUMBO SHOPPER,2,2011-03-24 12:08:00,0.95,17059,United Kingdom
547663,22150,3 STRIPEY MICE FELTCRAFT,5,2011-03-24 13:16:00,1.95,16022,United Kingdom
547663,22730,ALARM CLOCK BAKELIKE IVORY,2,2011-03-24 13:16:00,3.75,16022,United Kingdom
547664,37340,MULTICOLOUR SPRING FLOWER MUG,12,2011-03-24 13:16:00,0.39,13069,United Kingdom
547689,22684,FRENCH BLUE METAL DOOR SIGN 9,1,2011-03-24 14:55:00,1.25,17757,United Kingdom
547788,21088,SET/6 FRUIT SALAD PAPER CUPS,1,2011-03-25 12:00:00,0.83,,United Kingdom
547789,22439,6 ROCKET BALLOONS ,24,2011-03-25 12:04:00,0.65,14911,EIRE
547800,21916,SET 12 RETRO WHITE CHALK STICKS,1,2011-03-25 12:55:00,0.42,14504,United Kingdom
547860,22284,HEN HOUSE DECORATION,1,2011-03-27 12:21:00,1.65,17625,United Kingdom
548038,82484,WOOD BLACK BOARD ANT WHITE FINISH,2,2011-03-29 12:03:00,7.9,15696,United Kingdom
548148,22900, SET 2 TEA TOWELS I LOVE LONDON ,2,2011-03-29 12:31:00,2.95,17931,United Kingdom
548158,22425,ENAMEL COLANDER CREAM,3,2011-03-29 13:28:00,4.95,15906,United Kingdom
548167,22845,VINTAGE CREAM CAT FOOD CONTAINER,1,2011-03-29 13:45:00,12.46,,United Kingdom
548203,22974,CHILDRENS DOLLY GIRL MUG,24,2011-03-29 16:40:00,3.95,,United Kingdom
548210,21459,YELLOW EASTER EGG HUNT START POST,2,2011-03-29 17:23:00,1.95,14606,United Kingdom
548218,21498,RED RETROSPOT WRAP ,25,2011-03-30 09:36:00,0.42,13999,United Kingdom
548358,47559B,TEA TIME OVEN GLOVE,10,2011-03-30 15:29:00,1.25,15832,United Kingdom
548468,22962,JAM JAR WITH PINK LID,2,2011-03-31 12:28:00,0.85,14818,United Kingdom
548563,22272,FELTCRAFT DOLL MARIA,1,2011-04-01 10:21:00,2.95,18118,United Kingdom
548567,23078,ICE CREAM PEN LIP GLOSS ,24,2011-04-01 10:34:00,1.25,17965,United Kingdom
548666,23176,ABC TREASURE BOOK BOX ,3,2011-04-01 14:58:00,2.25,13124,United Kingdom
548701,22196,SMALL HEART MEASURING SPOONS,15,2011-04-03 11:36:00,0.85,17629,United Kingdom
548864,84789,ENCHANTED BIRD PLANT CAGE,1,2011-04-04 14:00:00,3.75,15756,United Kingdom
548867,22495,SET OF 2 ROUND TINS CAMEMBERT ,1,2011-04-04 14:17:00,2.95,14719,United Kingdom
548984,21683,MEDIUM MEDINA STAMPED METAL BOWL ,2,2011-04-05 12:37:00,2.95,14546,United Kingdom
548987,21713,CITRONELLA CANDLE FLOWERPOT,4,2011-04-05 12:50:00,2.1,14535,United Kingdom
548993,23176,ABC TREASURE BOOK BOX ,32,2011-04-05 13:56:00,2.25,12753,Japan
C549041,21156,RETROSPOT CHILDRENS APRON,-8,2011-04-05 17:22:00,1.95,17644,United Kingdom
549125,47566,PARTY BUNTING,3,2011-04-06 14:13:00,4.95,14964,United Kingdom
549278,23159,SET OF 5 PANCAKE DAY MAGNETS,5,2011-04-07 13:16:00,2.08,16255,United Kingdom
549304,22427,ENAMEL FLOWER JUG CREAM,3,2011-04-08 08:39:00,5.95,16133,United Kingdom
549322,37482P,CUBIC MUG PINK POLKADOT,12,2011-04-08 10:20:00,0.39,16558,United Kingdom
549543,22197,SMALL POPCORN HOLDER,4,2011-04-10 11:14:00,0.85,18118,United Kingdom
549564,22357,KINGS CHOICE BISCUIT TIN,6,2011-04-10 14:16:00,4.25,18129,United Kingdom
549670,84755,COLOUR GLASS T-LIGHT HOLDER HANGING,16,2011-04-11 12:45:00,0.65,16168,United Kingdom
549916,22854,CREAM SWEETHEART EGG HOLDER,4,2011-04-13 09:39:00,4.95,13717,United Kingdom
549943,21161,KEEP OUT BOYS DOOR HANGER ,1,2011-04-13 12:09:00,1.45,13544,United Kingdom
549982,23201,JUMBO BAG ALPHABET,10,2011-04-13 15:52:00,2.08,17091,United Kingdom
550016,22266,EASTER DECORATION HANGING BUNNY,48,2011-04-14 10:54:00,0.65,15416,United Kingdom
550125,48187,DOORMAT NEW ENGLAND,2,2011-04-14 12:42:00,7.95,13317,United Kingdom
550130,22553,PLASTERS IN TIN SKULLS,4,2011-04-14 13:17:00,1.65,14390,United Kingdom
550138,47566B,TEA TIME PARTY BUNTING,3,2011-04-14 14:02:00,4.95,12841,United Kingdom
550278,21213,PACK OF 72 SKULL CAKE CASES,6,2011-04-15 13:15:00,2.08,,United Kingdom
550323,22969,HOMEMADE JAM SCENTED CANDLES,24,2011-04-17 12:57:00,1.45,13692,United Kingdom
550340,84978,HANGING HEART JAR T-LIGHT HOLDER,12,2011-04-17 15:53:00,1.25,13695,United Kingdom
550360,85125,SMALL ROUND CUT GLASS CANDLESTICK,2,2011-04-18 10:55:00,4.95,14978,United Kingdom
550458,22024,RAINY LADIES BIRTHDAY CARD,1,2011-04-18 13:13:00,0.83,,United Kingdom
550458,22263,FELT EGG COSY LADYBIRD ,1,2011-04-18 13:13:00,1.63,,United Kingdom
550458,22265,EASTER DECORATION NATURAL CHICK,2,2011-04-18 13:13:00,1.25,,United Kingdom
550458,84638,SMALL KITCHEN FLOWER POTS PLAQUE,2,2011-04-18 13:13:00,5.83,,United Kingdom
550474,21750,LARGE SKULL WINDMILL,1,2011-04-18 13:58:00,4.13,,United Kingdom
550493,23205,CHARLOTTE BAG VINTAGE ALPHABET ,1,2011-04-18 14:50:00,0.85,15311,United Kingdom
550496,20725,LUNCH BAG RED RETROSPOT,1,2011-04-18 15:05:00,4.13,,United Kingdom
550500,22772,PINK DRAWER KNOB ACRYLIC EDWARDIAN,2,2011-04-18 15:26:00,2.46,,United Kingdom
550527,22328,ROUND SNACK BOXES SET OF 4 FRUITS ,24,2011-04-19 10:48:00,2.95,12476,Germany
550528,22189,CREAM HEART CARD HOLDER,8,2011-04-19 10:49:00,3.95,17663,United Kingdom
550636,22907,PACK OF 20 NAPKINS PANTRY DESIGN,1,2011-04-19 15:37:00,1.63,,United Kingdom
550659,21544,SKULLS  WATER TRANSFER TATTOOS ,12,2011-04-20 09:02:00,0.85,17730,United Kingdom
550767,23002,TRAVEL CARD WALLET SKULLS,24,2011-04-20 12:32:00,0.42,14776,United Kingdom
550796,22966,GINGERBREAD MAN COOKIE CUTTER,5,2011-04-20 14:38:00,1.25,17211,United Kingdom
550819,21061,PARTY INVITES FOOTBALL,4,2011-04-20 17:37:00,0.85,17530,United Kingdom
550829,23138,SINGLE WIRE HOOK IVORY HEART,2,2011-04-21 10:19:00,1.45,17841,United Kingdom
550885,84375,SET OF 20 KIDS COOKIE CUTTERS,12,2011-04-21 11:59:00,2.1,16185,United Kingdom
550956,84997D,CHILDRENS CUTLERY POLKADOT PINK,4,2011-04-21 16:37:00,4.15,17179,United Kingdom
550957,20726,LUNCH BAG WOODLAND,2,2011-04-21 16:37:00,1.65,18283,United Kingdom
550987,23066,SMALL DECO JEWELLERY STAND,1,2011-04-21 18:10:00,16.63,,United Kingdom
551004,21253,SET OF PICTURE FRAME  STICKERS,1,2011-04-26 09:48:00,5.79,,United Kingdom
551124,21746,SMALL RED RETROSPOT WINDMILL,12,2011-04-26 12:47:00,1.25,15738,United Kingdom
551174,22059,CERAMIC STRAWBERRY DESIGN MUG,1,2011-04-26 17:02:00,3.29,,United Kingdom
551174,22819,"BIRTHDAY CARD, RETRO SPOT",3,2011-04-26 17:02:00,0.83,,United Kingdom
551291,20763,DAISY SKETCHBOOK ,16,2011-04-27 14:26:00,1.25,14298,United Kingdom
551332,21755,LOVE BUILDING BLOCK WORD,3,2011-04-27 16:23:00,5.95,13078,United Kingdom
551414,22626,BLACK KITCHEN SCALES,2,2011-04-28 13:35:00,8.5,15622,United Kingdom
551446,35594,,-4,2011-04-28 15:58:00,0,,United Kingdom
551545,84997C,CHILDRENS CUTLERY POLKADOT BLUE,6,2011-05-03 09:34:00,4.15,12683,France
551547,84029E,RED WOOLLY HOTTIE WHITE HEART.,2,2011-05-03 09:44:00,7.46,,United Kingdom
551650,21673,WHITE SPOT BLUE CERAMIC DRAWER KNOB,12,2011-05-03 12:02:00,1.25,13089,United Kingdom
551656,22807,SET OF 6 T-LIGHTS TOADSTOOLS,6,2011-05-03 12:10:00,2.95,14911,EIRE
551731,20978,36 PENCILS TUBE SKULLS,16,2011-05-04 09:57:00,1.25,14307,United Kingdom
551812,85099C,JUMBO  BAG BAROQUE BLACK WHITE,10,2011-05-04 11:39:00,2.08,15527,United Kingdom
551816,21469,POLKA DOT RAFFIA FOOD COVER,1,2011-05-04 11:50:00,3.75,15906,United Kingdom
551995,22699,ROSES REGENCY TEACUP AND SAUCER ,1,2011-05-05 15:42:00,5.79,,United Kingdom
552193,22928,YELLOW GIANT GARDEN THERMOMETER,2,2011-05-06 14:22:00,5.95,15114,United Kingdom
552229,21803,CHRISTMAS TREE STAR DECORATION,4,2011-05-06 15:40:00,0.42,,United Kingdom
552277,22439,6 ROCKET BALLOONS ,10,2011-05-08 12:34:00,0.65,13642,United Kingdom
552532,23298,SPOTTY BUNTING,6,2011-05-10 09:39:00,4.95,15615,United Kingdom
552548,48187,DOORMAT NEW ENGLAND,2,2011-05-10 10:35:00,7.95,16357,United Kingdom
552663,22200,FRYING PAN PINK POLKADOT,1,2011-05-10 15:04:00,8.29,,United Kingdom
552667,22411,JUMBO SHOPPER VINTAGE RED PAISLEY,6,2011-05-10 15:05:00,4.13,,United Kingdom
552677,22422,TOOTHPASTE TUBE PEN,1,2011-05-10 15:07:00,1.25,,United Kingdom
552687,22358,KINGS CHOICE TEA CADDY ,1,2011-05-10 15:09:00,5.79,,United Kingdom
552702,35648,VINTAGE BEAD PINK PURSE ,3,2011-05-10 16:00:00,1.63,,United Kingdom
552823,84596B,SMALL DOLLY MIX DESIGN ORANGE BOWL,5,2011-05-11 13:06:00,0.42,14731,United Kingdom
552956,22697,GREEN REGENCY TEACUP AND SAUCER,6,2011-05-12 12:34:00,2.95,12431,Australia
552962,21716,BOYS VINTAGE TIN SEASIDE BUCKET,32,2011-05-12 12:56:00,2.1,14364,United Kingdom
553013,23298,SPOTTY BUNTING,1,2011-05-12 18:19:00,10.79,,United Kingdom
553014,84991,60 TEATIME FAIRY CAKE CASES,6,2011-05-12 18:49:00,0.55,13451,United Kingdom
553061,21058,PARTY INVITES WOODLAND,3,2011-05-13 11:12:00,0.85,17238,United Kingdom
553189,37500,TEA TIME TEAPOT IN GIFT BOX,1,2011-05-15 13:14:00,4.95,15033,United Kingdom
553199,22969,HOMEMADE JAM SCENTED CANDLES,12,2011-05-15 15:13:00,1.45,17758,United Kingdom
553203,21285,RETROSPOT CANDLE  MEDIUM,12,2011-05-15 16:10:00,2.1,14911,EIRE
553411,23190,BUNDLE OF 3 SCHOOL EXERCISE BOOKS  ,12,2011-05-17 09:28:00,1.65,12714,France
553523,20675,BLUE POLKADOT BOWL,1,2011-05-17 14:46:00,2.46,,United Kingdom
553552,22150,3 STRIPEY MICE FELTCRAFT,6,2011-05-17 16:23:00,1.95,17702,United Kingdom
553673,22925,BLUE GIANT GARDEN THERMOMETER,2,2011-05-18 12:46:00,5.95,16814,United Kingdom
553860,23300,GARDENERS KNEELING PAD CUP OF TEA ,1,2011-05-19 13:57:00,1.65,17841,United Kingdom
553935,85152,HAND OVER THE CHOCOLATE   SIGN ,12,2011-05-20 10:32:00,2.1,15856,United Kingdom
554083,20969,RED FLORAL FELTCRAFT SHOULDER BAG,2,2011-05-22 11:51:00,3.75,18125,United Kingdom
554094,23102,SILVER HEARTS TABLE DECORATION,3,2011-05-22 12:49:00,0.83,15716,United Kingdom
554096,84192,ASSORTED COLOUR METAL CAT ,12,2011-05-22 12:51:00,1.25,14921,United Kingdom
554098,23171,REGENCY TEA PLATE GREEN ,2,2011-05-22 13:01:00,1.65,14769,United Kingdom
554098,20728,LUNCH BAG CARS BLUE,2,2011-05-22 13:01:00,1.65,14769,United Kingdom
554104,22722,SET OF 6 SPICE TINS PANTRY DESIGN,4,2011-05-22 14:03:00,3.95,12705,Germany
554126,21731,RED TOADSTOOL LED NIGHT LIGHT,84,2011-05-23 09:14:00,1.65,12431,Australia
554160,84692,BOX OF 24 COCKTAIL PARASOLS,1,2011-05-23 11:49:00,0.42,17841,United Kingdom
554160,22411,JUMBO SHOPPER VINTAGE RED PAISLEY,3,2011-05-23 11:49:00,2.08,17841,United Kingdom
554274,22426,ENAMEL WASH BOWL CREAM,3,2011-05-23 13:12:00,3.75,16266,United Kingdom
554310,22426,ENAMEL WASH BOWL CREAM,1,2011-05-23 15:25:00,7.46,,United Kingdom
554348,22846,BREAD BIN DINER STYLE RED ,1,2011-05-24 08:49:00,16.95,13523,United Kingdom
554441,22906,12 MESSAGE CARDS WITH ENVELOPES,12,2011-05-24 12:22:00,1.65,13213,United Kingdom
554520,22907,PACK OF 20 NAPKINS PANTRY DESIGN,1,2011-05-24 17:03:00,0.85,17841,United Kingdom
554570,23091,ZINC HERB GARDEN CONTAINER,3,2011-05-25 10:53:00,6.25,13728,United Kingdom
554947,84946,ANTIQUE SILVER T-LIGHT GLASS,60,2011-05-27 14:29:00,1.25,12748,United Kingdom
554990,79163,BLACK CHAMPAGNE GLASS,144,2011-05-29 13:57:00,0.39,16567,United Kingdom
C555054,22784,LANTERN CREAM GAZEBO ,-1,2011-05-31 11:32:00,4.95,14903,United Kingdom
555115,23205,CHARLOTTE BAG VINTAGE ALPHABET ,3,2011-05-31 14:58:00,2.46,,United Kingdom
555124,23154,SET OF 4 JAM JAR MAGNETS,2,2011-05-31 15:26:00,2.08,18204,United Kingdom
555149,85114B,IVORY ENCHANTED FOREST PLACEMAT,1,2011-05-31 15:49:00,3.29,,United Kingdom
555150,21990,MODERN FLORAL STATIONERY SET,1,2011-05-31 15:53:00,2.46,,United Kingdom
555158,22084,PAPER CHAIN KIT EMPIRE,6,2011-06-01 08:38:00,2.95,14842,United Kingdom
555200,22441,GROW YOUR OWN BASIL IN ENAMEL MUG,16,2011-06-01 12:05:00,2.1,17315,United Kingdom
555284,23090,VINTAGE GLASS T-LIGHT HOLDER,24,2011-06-02 09:37:00,0.72,14298,United Kingdom
555327,21988,PACK OF 6 SKULL PAPER PLATES,2,2011-06-02 11:03:00,1.63,,United Kingdom
555541,22960,JAM MAKING SET WITH JARS,1,2011-06-05 12:51:00,4.25,16883,United Kingdom
555543,22798,ANTIQUE GLASS DRESSING TABLE POT,8,2011-06-05 12:59:00,2.95,13089,United Kingdom
555567,22851,SET 20 NAPKINS FAIRY CAKES DESIGN ,4,2011-06-05 15:25:00,0.85,17050,United Kingdom
555856,47566B,TEA TIME PARTY BUNTING,2,2011-06-07 14:02:00,4.95,17124,United Kingdom
555942,22427,ENAMEL FLOWER JUG CREAM,6,2011-06-08 10:14:00,5.95,15743,United Kingdom
556106,22556,PLASTERS IN TIN CIRCUS PARADE ,3,2011-06-08 16:54:00,1.65,14056,United Kingdom
556179,21314,SMALL GLASS HEART TRINKET POT,48,2011-06-09 11:27:00,1.85,13756,United Kingdom
556188,21975,PACK OF 60 DINOSAUR CAKE CASES,2,2011-06-09 11:49:00,0.55,,United Kingdom
556236,22778,GLASS CLOCHE SMALL,4,2011-06-09 15:34:00,3.95,16818,United Kingdom
556243,21868,POTTING SHED TEA MUG,1,2011-06-09 16:07:00,3.29,,United Kingdom
556243,22699,ROSES REGENCY TEACUP AND SAUCER ,1,2011-06-09 16:07:00,5.79,,United Kingdom
556296,22531,MAGIC DRAWING SLATE CIRCUS PARADE  ,24,2011-06-10 09:44:00,0.42,15114,United Kingdom
556330,82582,AREA PATROLLED METAL SIGN,2,2011-06-10 11:29:00,2.1,17797,United Kingdom
556427,21977,PACK OF 60 PINK PAISLEY CAKE CASES,1,2011-06-10 13:23:00,2.08,,United Kingdom
556464,22716,CARD CIRCUS PARADE,12,2011-06-12 10:53:00,0.42,18281,United Kingdom
556484,22930,BAKING MOULD HEART MILK CHOCOLATE,7,2011-06-12 13:17:00,2.55,16938,United Kingdom
556503,22697,GREEN REGENCY TEACUP AND SAUCER,6,2011-06-13 08:44:00,2.95,13517,United Kingdom
556507,21340,CLASSIC METAL BIRDCAGE PLANT HOLDER,8,2011-06-13 09:55:00,9.95,12567,France
556516,22723,SET OF 6 HERB TINS SKETCHBOOK,1,2011-06-13 10:46:00,8.29,,United Kingdom
556540,23201,JUMBO BAG ALPHABET,40,2011-06-13 12:51:00,2.08,13552,United Kingdom
556732,22315,200 RED + WHITE BENDY STRAWS,1,2011-06-14 11:47:00,1.25,15039,United Kingdom
556813,23299,FOOD COVER WITH BEADS SET 2 ,1,2011-06-14 17:28:00,7.46,,United Kingdom
556917,22274,FELTCRAFT DOLL EMILY,48,2011-06-15 13:37:00,2.55,12415,Australia
556932,85054,FRENCH ENAMEL POT W LID,1,2011-06-15 15:41:00,5.79,,United Kingdom
557021,21564,PINK  HEART SHAPE LOVE BUCKET ,10,2011-06-16 12:55:00,2.95,17642,United Kingdom
557057,21934,SKULL SHOULDER BAG,20,2011-06-16 14:46:00,1.65,16843,United Kingdom
557067,23054,RECYCLED ACAPULCO MAT LAVENDER,4,2011-06-16 15:12:00,8.25,13098,United Kingdom
557114,47566,PARTY BUNTING,4,2011-06-16 16:43:00,4.95,13951,United Kingdom
557119,21672,WHITE SPOT RED CERAMIC DRAWER KNOB,36,2011-06-16 17:08:00,1.25,17416,United Kingdom
557130,22045,SPACEBOY GIFT WRAP,25,2011-06-17 08:09:00,0.42,14005,United Kingdom
557222,21928,JUMBO BAG SCANDINAVIAN BLUE PAISLEY,10,2011-06-17 13:14:00,2.08,14936,Channel Islands
557235,22604,SET OF 4 NAPKIN CHARMS CUTLERY,6,2011-06-17 14:45:00,2.55,17204,United Kingdom
557257,22366,DOORMAT AIRMAIL ,10,2011-06-19 10:34:00,6.75,14051,United Kingdom
557305,82482,WOODEN PICTURE FRAME WHITE FINISH,2,2011-06-19 14:42:00,2.55,13568,United Kingdom
557315,72351B,SET/6 PINK  BUTTERFLY T-LIGHTS,2,2011-06-19 16:02:00,2.1,15535,United Kingdom
557466,21731,RED TOADSTOOL LED NIGHT LIGHT,12,2011-06-20 13:08:00,1.65,13815,Germany
557484,22645,CERAMIC HEART FAIRY CAKE MONEY BANK,4,2011-06-20 14:36:00,1.45,14796,United Kingdom
557500,22371,AIRLINE BAG VINTAGE TOKYO 78,1,2011-06-20 15:27:00,8.29,,United Kingdom
557625,20725,LUNCH BAG RED RETROSPOT,10,2011-06-21 14:23:00,1.65,15159,United Kingdom
557643,21724,PANDA AND BUNNIES STICKER SHEET,1,2011-06-21 16:36:00,1.63,,United Kingdom
557644,23204,CHARLOTTE BAG APPLES DESIGN,1,2011-06-21 17:06:00,1.63,,United Kingdom
557644,23226,FILIGREE HEART DAISY WHITE,1,2011-06-21 17:06:00,2.46,,United Kingdom
557644,22437,SET OF 9 BLACK SKULL BALLOONS,1,2011-06-21 17:06:00,1.63,,United Kingdom
557763,23199,JUMBO BAG APPLES,30,2011-06-22 14:10:00,2.08,17669,United Kingdom
557766,22427,ENAMEL FLOWER JUG CREAM,12,2011-06-22 14:24:00,5.45,16566,United Kingdom
557938,21246,RED RETROSPOT BIG BOWL,2,2011-06-23 15:35:00,4.13,,United Kingdom
557938,21418,STARFISH SOAP DISH,1,2011-06-23 15:35:00,4.96,,United Kingdom
557952,21755,LOVE BUILDING BLOCK WORD,4,2011-06-23 18:33:00,5.95,14584,United Kingdom
557962,22681,FRENCH BLUE METAL DOOR SIGN 6,10,2011-06-24 09:22:00,1.25,13709,United Kingdom
558084,21914,BLUE HARMONICA IN BOX ,12,2011-06-26 11:47:00,1.25,14837,United Kingdom
558084,16259,PIECE OF CAMO STATIONERY SET,108,2011-06-26 11:47:00,0.08,14837,United Kingdom
558089,23245,SET OF 3 REGENCY CAKE TINS,4,2011-06-26 12:36:00,4.95,13505,Switzerland
558196,23014,GLASS APOTHECARY BOTTLE ELIXIR,1,2011-06-27 12:38:00,3.95,16033,United Kingdom
558196,21876,POTTERING MUG,6,2011-06-27 12:38:00,1.25,16033,United Kingdom
558240,22196,SMALL HEART MEASURING SPOONS,1,2011-06-27 15:27:00,1.63,,United Kingdom
558355,22574,HEART WOODEN CHRISTMAS DECORATION,6,2011-06-28 14:58:00,0.85,13614,United Kingdom
558370,51014C,"FEATHER PEN,COAL BLACK",12,2011-06-28 15:44:00,0.39,17750,United Kingdom
558461,22613,PACK OF 20 SPACEBOY NAPKINS,1,2011-06-29 15:03:00,0.85,13263,United Kingdom
558475,22299,PIG KEYRING WITH LIGHT & SOUND ,2,2011-06-29 15:58:00,2.46,,United Kingdom
558475,22988,SOLDIERS EGG CUP ,1,2011-06-29 15:58:00,2.46,,United Kingdom
558542,22192,BLUE DINER WALL CLOCK,1,2011-06-30 12:23:00,8.5,13593,United Kingdom
558558,46000S,POLYESTER FILLER PAD 40x40cm,6,2011-06-30 13:17:00,1.45,17841,United Kingdom
558614,20856,DENIM PATCH PURSE PINK BUTTERFLY,1,2011-06-30 15:56:00,1.63,,United Kingdom
558637,22713,CARD I LOVE LONDON ,12,2011-06-30 20:08:00,0.42,17891,United Kingdom
558682,22386,JUMBO BAG PINK POLKADOT,4,2011-07-01 11:20:00,4.13,,United Kingdom
558683,22961,JAM MAKING SET PRINTED,1,2011-07-01 11:23:00,3.29,,United Kingdom
558686,21669,BLUE STRIPE CERAMIC DRAWER KNOB,12,2011-07-01 11:33:00,1.25,17706,United Kingdom
558709,22766,PHOTO FRAME CORNICE,4,2011-07-01 13:02:00,2.95,17338,United Kingdom
558777,21391,FRENCH LAVENDER SCENT HEART,1,2011-07-04 10:23:00,1.63,,United Kingdom
558809,22844,VINTAGE CREAM DOG FOOD CONTAINER,1,2011-07-04 11:10:00,16.63,,United Kingdom
558864,84970S,HANGING HEART ZINC T-LIGHT HOLDER,12,2011-07-04 12:38:00,0.85,,EIRE
558904,20728,LUNCH BAG CARS BLUE,4,2011-07-04 16:18:00,4.13,,United Kingdom
559004,22984,CARD GINGHAM ROSE ,36,2011-07-05 12:23:00,0.42,12428,Finland
559015,48184,DOORMAT ENGLISH ROSE ,10,2011-07-05 12:53:00,6.75,13098,United Kingdom
559028,22379,RECYCLING BAG RETROSPOT ,10,2011-07-05 14:27:00,2.1,12839,United Kingdom
559051,22228,BUNNY WOODEN PAINTED WITH BIRD ,2,2011-07-05 16:47:00,0.83,,United Kingdom
559051,23124,18PC WOODEN CUTLERY SET DISPOSABLE,2,2011-07-05 16:47:00,2.46,,United Kingdom
559052,21090,SET/6 COLLAGE PAPER PLATES,17,2011-07-05 16:53:00,0.83,,United Kingdom
559055,22227,HANGING HEART MIRROR DECORATION ,1,2011-07-05 17:09:00,1.25,,United Kingdom
559058,84596F,SMALL MARSHMALLOWS PINK BOWL,16,2011-07-06 09:49:00,0.42,12407,Belgium
559125,23292,SPACEBOY CHILDRENS CUP,8,2011-07-06 12:32:00,1.25,13985,United Kingdom
559128,23201,JUMBO BAG ALPHABET,6,2011-07-06 12:39:00,2.08,17238,United Kingdom
559160,21668,RED STRIPE CERAMIC DRAWER KNOB,6,2011-07-06 16:15:00,1.25,17293,United Kingdom
559329,47518F,ICON PLACEMAT POP ART ELVIS,24,2011-07-07 15:41:00,0.12,15241,United Kingdom
559337,21715,GIRLS VINTAGE TIN SEASIDE BUCKET,10,2011-07-07 16:27:00,2.46,,United Kingdom
559338,22814,CARD PARTY GAMES ,10,2011-07-07 16:30:00,0.42,,United Kingdom
559356,82600,NO SINGING METAL SIGN,12,2011-07-07 18:29:00,2.1,15416,United Kingdom
559362,21068,VINTAGE BILLBOARD LOVE/HATE MUG,12,2011-07-08 08:43:00,1.25,12635,Germany
559369,21065,BOOM BOX SPEAKER GIRLS,2,2011-07-08 10:00:00,5.95,14388,United Kingdom
559436,22092,BLUE PAISLEY TISSUE BOX,1,2011-07-08 12:18:00,0.39,15901,United Kingdom
559459,15056N,EDWARDIAN PARASOL NATURAL,2,2011-07-08 12:53:00,5.95,15311,United Kingdom
559506,21328,BALLOONS  WRITING SET ,4,2011-07-08 15:17:00,0.83,,United Kingdom
559506,21716,BOYS VINTAGE TIN SEASIDE BUCKET,2,2011-07-08 15:17:00,2.46,,United Kingdom
559506,22180,RETROSPOT LAMP,1,2011-07-08 15:17:00,20.79,,United Kingdom
559528,22487,WHITE WOOD GARDEN PLANT LADDER,4,2011-07-10 11:34:00,8.5,13064,United Kingdom
559554,82494L,WOODEN FRAME ANTIQUE WHITE ,48,2011-07-11 10:12:00,2.55,14258,United Kingdom
C559663,22191,IVORY DINER WALL CLOCK,-1,2011-07-11 13:33:00,8.5,17706,United Kingdom
559693,21439,BASKET OF TOADSTOOLS,2,2011-07-11 16:21:00,1.25,,United Kingdom
559693,21906,PHARMACIE FIRST AID TIN,1,2011-07-11 16:21:00,13.29,,United Kingdom
559784,23343,JUMBO BAG VINTAGE CHRISTMAS ,10,2011-07-12 12:07:00,2.08,16839,United Kingdom
559804,22654,DELUXE SEWING KIT ,3,2011-07-12 14:17:00,5.95,17405,United Kingdom
559806,23007, SPACEBOY BABY GIFT SET,1,2011-07-12 14:26:00,16.95,13311,United Kingdom
559816,22375,AIRLINE BAG VINTAGE JET SET BROWN,1,2011-07-12 16:11:00,4.13,,United Kingdom
559824,21429,RED GINGHAM ROSE JEWELLERY BOX,8,2011-07-12 17:23:00,1.95,17576,United Kingdom
559878,72127,COLUMBIAN CANDLE ROUND ,3,2011-07-13 11:19:00,1.25,15493,United Kingdom
559894,84991,60 TEATIME FAIRY CAKE CASES,1,2011-07-13 12:06:00,0.55,14159,United Kingdom
559906,22892,SET OF SALT AND PEPPER TOADSTOOLS,12,2011-07-13 13:33:00,1.25,18219,United Kingdom
559921,21982,PACK OF 12 SUKI TISSUES ,1,2011-07-13 15:42:00,0.29,13667,United Kingdom
559923,21067,VINTAGE RED TEATIME MUG,8,2011-07-13 16:07:00,2.46,,United Kingdom
C559983,22910,PAPER CHAIN KIT VINTAGE CHRISTMAS,-5,2011-07-14 11:41:00,2.95,14562,United Kingdom
560024,82482,WOODEN PICTURE FRAME WHITE FINISH,2,2011-07-14 13:00:00,2.55,15005,United Kingdom
560024,20724,RED RETROSPOT CHARLOTTE BAG,10,2011-07-14 13:00:00,0.85,15005,United Kingdom
560103,22637,PIGGY BANK RETROSPOT ,4,2011-07-14 18:44:00,2.55,17837,United Kingdom
560106,21621,VINTAGE UNION JACK BUNTING,3,2011-07-14 20:01:00,8.5,17554,United Kingdom
560117,72741,GRAND CHOCOLATECANDLE,9,2011-07-15 10:14:00,1.45,,United Kingdom
560251,23322,LARGE WHITE HEART OF WICKER,2,2011-07-17 12:32:00,2.95,17774,United Kingdom
560284,22805,BLUE DRAWER KNOB ACRYLIC EDWARDIAN,12,2011-07-18 09:15:00,1.25,13705,United Kingdom
560360,22191,IVORY DINER WALL CLOCK,12,2011-07-18 11:55:00,7.65,12744,Singapore
560433,20856,DENIM PATCH PURSE PINK BUTTERFLY,2,2011-07-18 15:49:00,1.63,,United Kingdom
560451,23294,SET OF 6 SNACK LOAF BAKING CASES,16,2011-07-19 09:50:00,0.83,14911,EIRE
560601,21914,BLUE HARMONICA IN BOX ,1,2011-07-19 17:17:00,1.25,16764,United Kingdom
560716,22191,IVORY DINER WALL CLOCK,2,2011-07-20 13:26:00,8.5,17675,United Kingdom
560773,44234,ASSORTED CIRCULAR MOBILE,1,2011-07-20 16:17:00,0.63,,United Kingdom
560829,21238,RED RETROSPOT CUP,8,2011-07-21 12:00:00,0.85,17694,United Kingdom
560864,23288,GREEN VINTAGE SPOT BEAKER,8,2011-07-21 13:54:00,0.85,14407,United Kingdom
560926,22559,SEASIDE FLYING DISC,2,2011-07-22 09:20:00,0.83,,United Kingdom
560926,23158,SET OF 5 LUCKY CAT MAGNETS ,1,2011-07-22 09:20:00,4.13,,United Kingdom
560996,84406B,CREAM CUPID HEARTS COAT HANGER,2,2011-07-22 13:53:00,4.15,17625,United Kingdom
561034,23201,JUMBO BAG ALPHABET,1,2011-07-24 11:45:00,2.08,15506,United Kingdom
561077,20725,LUNCH BAG RED RETROSPOT,10,2011-07-24 15:53:00,1.65,17649,United Kingdom
561100,84926E,FLOWERS TILE COASTER,24,2011-07-25 11:01:00,0.29,15289,United Kingdom
561100,22090,PAPER BUNTING RETROSPOT,6,2011-07-25 11:01:00,2.95,15289,United Kingdom
561106,22570,FELTCRAFT CUSHION RABBIT,4,2011-07-25 11:37:00,3.75,14246,United Kingdom
561112,22357,KINGS CHOICE BISCUIT TIN,1,2011-07-25 11:53:00,4.25,14606,United Kingdom
561113,22999,TRAVEL CARD WALLET VINTAGE LEAF,10,2011-07-25 12:09:00,0.42,17841,United Kingdom
561192,23031,DRAWER KNOB CRACKLE GLAZE PINK,6,2011-07-25 13:45:00,1.65,16033,United Kingdom
561195,20996,JAZZ HEARTS ADDRESS BOOK,6,2011-07-25 13:57:00,0.19,14796,United Kingdom
561197,22197,POPCORN HOLDER,16,2011-07-25 14:35:00,0.85,16364,United Kingdom
561208,23000,TRAVEL CARD WALLET TRANSPORT,72,2011-07-25 16:39:00,0.42,15372,United Kingdom
561209,20615,BLUE POLKADOT PASSPORT COVER,1,2011-07-25 16:57:00,1.63,,United Kingdom
561209,84970S,HANGING HEART ZINC T-LIGHT HOLDER,1,2011-07-25 16:57:00,2.08,,United Kingdom
561214,21430,SET/3 RED GINGHAM ROSE STORAGE BOX,1,2011-07-25 17:00:00,7.46,,United Kingdom
561214,22153,ANGEL DECORATION STARS ON DRESS,2,2011-07-25 17:00:00,0.83,,United Kingdom
561366,84997D,CHILDRENS CUTLERY POLKADOT PINK,4,2011-07-26 15:45:00,4.15,15152,United Kingdom
561367,21155,RED RETROSPOT PEG BAG,11,2011-07-26 15:46:00,4.96,,United Kingdom
561369,23341,PINK DINER WALL CLOCK,1,2011-07-26 16:22:00,16.63,,United Kingdom
561371,23004,TRAVEL CARD WALLET PANTRY,4,2011-07-26 16:25:00,0.83,,United Kingdom
561378,22898,CHILDRENS APRON APPLES DESIGN,10,2011-07-26 16:55:00,1.95,17861,United Kingdom
561490,21275,,3,2011-07-27 13:54:00,0,,United Kingdom
561520,84692,BOX OF 24 COCKTAIL PARASOLS,6,2011-07-27 17:03:00,0.42,17870,United Kingdom
561651,23169,CLASSIC GLASS COOKIE JAR,2,2011-07-28 15:36:00,8.29,,United Kingdom
561689,22300,COFFEE MUG DOG + BALL DESIGN,12,2011-07-29 09:01:00,2.55,15942,United Kingdom
561699,84946,ANTIQUE SILVER T-LIGHT GLASS,24,2011-07-29 10:32:00,1.25,12971,United Kingdom
561820,85087,CANDY SPOT CUSHION COVER,1,2011-07-29 16:00:00,3.29,,United Kingdom
561893,22379,RECYCLING BAG RETROSPOT ,1,2011-07-31 14:39:00,2.1,12942,United Kingdom
561907,22547,MINI JIGSAW DINOSAUR ,24,2011-08-01 10:08:00,0.42,14060,United Kingdom
561912,84508A,CAMOUFLAGE DESIGN TEDDY,1,2011-08-01 11:08:00,2.55,13184,United Kingdom
561923,23077,DOUGHNUT LIP GLOSS ,20,2011-08-01 12:16:00,1.25,14112,United Kingdom
562024,22605,WOODEN CROQUET GARDEN SET,1,2011-08-01 16:07:00,24.96,,United Kingdom
562035,22311,OFFICE MUG WARMER BLACK+SILVER ,6,2011-08-02 09:29:00,2.95,12627,Germany
562113,21928,JUMBO BAG SCANDINAVIAN BLUE PAISLEY,2,2011-08-02 16:11:00,4.13,,United Kingdom
562114,21843,RED RETROSPOT CAKE STAND,1,2011-08-02 16:14:00,20.79,,United Kingdom
562114,20998,ROSE DU SUD OVEN GLOVE,3,2011-08-02 16:14:00,1.63,,United Kingdom
562158,22413,METAL SIGN TAKE IT OR LEAVE IT ,1,2011-08-03 11:45:00,2.95,15039,United Kingdom
562276,47566B,TEA TIME PARTY BUNTING,4,2011-08-04 10:23:00,4.95,17735,United Kingdom
562277,22151,PLACE SETTING WHITE HEART,24,2011-08-04 10:24:00,0.42,17315,United Kingdom
562341,22663,JUMBO BAG DOLLY GIRL DESIGN,2,2011-08-04 12:13:00,2.08,15005,United Kingdom
562353,23203,JUMBO BAG DOILEY PATTERNS,100,2011-08-04 13:15:00,1.79,16180,United Kingdom
562417,37500,TEA TIME TEAPOT IN GIFT BOX,1,2011-08-04 16:32:00,8.29,,United Kingdom
562449,22672,FRENCH BATHROOM SIGN BLUE METAL,4,2011-08-04 20:01:00,1.65,14562,United Kingdom
562455,23118,PARISIENNE JEWELLERY DRAWER ,2,2011-08-05 10:32:00,7.5,18097,United Kingdom
562490,22622,BOX OF VINTAGE ALPHABET BLOCKS,2,2011-08-05 12:06:00,11.95,14720,United Kingdom
562517,22382,LUNCH BAG SPACEBOY DESIGN ,2,2011-08-05 12:27:00,1.65,15719,United Kingdom
562517,22720,SET OF 3 CAKE TINS PANTRY DESIGN ,1,2011-08-05 12:27:00,4.95,15719,United Kingdom
562537,23288,GREEN VINTAGE SPOT BEAKER,8,2011-08-05 15:02:00,0.85,12517,Germany
562539,22348,TEA BAG PLATE RED RETROSPOT,11,2011-08-05 15:30:00,0.85,17220,United Kingdom
562540,22636,CHILDS BREAKFAST SET CIRCUS PARADE,2,2011-08-05 15:38:00,8.5,17400,United Kingdom
562553,23052,RECYCLED ACAPULCO MAT TURQUOISE,1,2011-08-05 16:34:00,16.63,,United Kingdom
562560,22674,FRENCH TOILET SIGN BLUE METAL,4,2011-08-05 17:12:00,1.25,14156,EIRE
562589,22693,GROW A FLYTRAP OR SUNFLOWER IN TIN,24,2011-08-07 15:16:00,1.25,15198,United Kingdom
562789,22560,TRADITIONAL MODELLING CLAY,48,2011-08-09 13:50:00,1.06,14646,Netherlands
562902,23297,SET 40 HEART SHAPE PETIT FOUR CASES,16,2011-08-10 12:41:00,1.65,13925,United Kingdom
562922,22380,TOY TIDY SPACEBOY  ,10,2011-08-10 14:26:00,2.1,12594,Italy
562931,22892,SET OF SALT AND PEPPER TOADSTOOLS,6,2011-08-10 16:19:00,1.25,14030,United Kingdom
562955,22659,LUNCH BOX I LOVE LONDON,6,2011-08-11 10:14:00,2.46,,United Kingdom
562984,21981,PACK OF 12 WOODLAND TISSUES ,12,2011-08-11 11:45:00,0.29,17841,United Kingdom
563061,21703,BAG 125g SWIRLY MARBLES,12,2011-08-11 15:25:00,0.42,13588,United Kingdom
563089,85123A,WHITE HANGING HEART T-LIGHT HOLDER,12,2011-08-11 16:54:00,2.95,15469,United Kingdom
563112,22491,PACK OF 12 COLOURED PENCILS,12,2011-08-12 11:09:00,0.85,14849,United Kingdom
563193,22121,NOEL WOODEN BLOCK LETTERS ,1,2011-08-12 16:30:00,11.63,,United Kingdom
563214,21724,PANDA AND BUNNIES STICKER SHEET,2,2011-08-14 12:56:00,0.85,16370,United Kingdom
563256,23199,JUMBO BAG APPLES,10,2011-08-15 12:07:00,2.08,18143,United Kingdom
563349,84519B,CARROT CHARLIE+LOLA COASTER SET,2,2011-08-15 13:51:00,1.25,14623,United Kingdom
563369,21980,PACK OF 12 RED RETROSPOT TISSUES ,24,2011-08-16 09:25:00,0.29,13394,United Kingdom
563376,22355,CHARLOTTE BAG SUKI DESIGN,3,2011-08-16 10:36:00,0.85,15752,United Kingdom
563404,22377,BOTTLE BAG RETROSPOT ,20,2011-08-16 11:04:00,2.1,16303,United Kingdom
563439,23298,SPOTTY BUNTING,20,2011-08-16 13:05:00,10.79,,United Kingdom
563546,22728,ALARM CLOCK BAKELIKE PINK,2,2011-08-17 12:24:00,3.75,16729,United Kingdom
563689,22171,3 HOOK PHOTO SHELF ANTIQUE WHITE,1,2011-08-18 12:43:00,8.5,15743,United Kingdom
563732,22561,WOODEN SCHOOL COLOURING SET,12,2011-08-18 17:50:00,1.65,15125,United Kingdom
563748,22179,SET 10 NIGHT OWL LIGHTS,2,2011-08-19 10:06:00,6.75,16170,United Kingdom
563917,16045,POPART WOODEN PENCILS ASST,100,2011-08-21 13:46:00,0.04,14572,United Kingdom
563924,22868,NUMBER TILE COTTAGE GARDEN 0 ,1,2011-08-21 14:32:00,1.95,15984,United Kingdom
563927,23245,SET OF 3 REGENCY CAKE TINS,8,2011-08-21 15:01:00,4.95,14013,United Kingdom
564022,21787,RAIN PONCHO RETROSPOT,24,2011-08-22 12:10:00,0.85,13269,United Kingdom
564089,21931,JUMBO STORAGE BAG SUKI,50,2011-08-23 09:53:00,2.08,15971,United Kingdom
564091,90003E,GREEN PAIR HEART HAIR SLIDES,4,2011-08-23 09:57:00,3.75,15804,United Kingdom
564093,23307,SET OF 60 PANTRY DESIGN CAKE CASES ,24,2011-08-23 10:29:00,0.55,14930,Channel Islands
564158,40001,WHITE BAMBOO RIBS LAMPSHADE,12,2011-08-23 12:37:00,0.85,16712,United Kingdom
564172,82482,WOODEN PICTURE FRAME WHITE FINISH,6,2011-08-23 14:19:00,2.55,16033,United Kingdom
564191,85130D,BEADED CRYSTAL HEART PINK LARGE,24,2011-08-23 16:16:00,0.79,17315,United Kingdom
564224,21485,RETROSPOT HEART HOT WATER BOTTLE,6,2011-08-24 09:56:00,4.95,15249,United Kingdom
564319,23324,RUSTIC STRAWBERRY JAM POT LARGE ,1,2011-08-24 13:18:00,2.08,15059,United Kingdom
564382,22112,CHOCOLATE HOT WATER BOTTLE,72,2011-08-25 10:45:00,4.25,15129,United Kingdom
564436,84596F,SMALL MARSHMALLOWS PINK BOWL,3,2011-08-25 12:06:00,0.42,17841,United Kingdom
564437,23205,CHARLOTTE BAG VINTAGE ALPHABET ,10,2011-08-25 12:10:00,0.85,13320,United Kingdom
564531,21577,SAVE THE PLANET COTTON TOTE BAG,6,2011-08-25 15:04:00,2.25,12624,France
564552,85014A,BLACK/BLUE POLKADOT UMBRELLA,3,2011-08-25 17:22:00,5.95,16670,United Kingdom
564556,22907,PACK OF 20 NAPKINS PANTRY DESIGN,1,2011-08-25 19:48:00,0.85,12748,United Kingdom
564643,23242,TREASURE TIN BUFFALO BILL ,2,2011-08-26 13:25:00,2.08,15356,United Kingdom
564668,47503A,ASS FLORAL PRINT MULTI SCREWDRIVER,24,2011-08-26 15:25:00,0.42,17183,United Kingdom
564731,23244,ROUND STORAGE TIN VINTAGE LEAF,6,2011-08-28 12:57:00,1.95,16186,United Kingdom
564752,22569,FELTCRAFT CUSHION BUTTERFLY,16,2011-08-30 10:07:00,3.75,16126,United Kingdom
564756,22193,RED DINER WALL CLOCK,1,2011-08-30 10:33:00,16.63,,United Kingdom
564756,23349,ROLL WRAP VINTAGE CHRISTMAS,1,2011-08-30 10:33:00,2.46,,United Kingdom
564757,22464,HANGING METAL HEART LANTERN,2,2011-08-30 10:36:00,3.29,,United Kingdom
564758,22907,PACK OF 20 NAPKINS PANTRY DESIGN,5,2011-08-30 10:39:00,0.85,,United Kingdom
564837,22662,LUNCH BAG DOLLY GIRL DESIGN,1,2011-08-30 12:40:00,4.13,,United Kingdom
564837,23172,REGENCY TEA PLATE PINK,4,2011-08-30 12:40:00,3.29,,United Kingdom
564838,23177,TREASURE ISLAND BOOK BOX,1,2011-08-30 12:43:00,4.58,,United Kingdom
564841,22666,RECIPE BOX PANTRY YELLOW DESIGN,2,2011-08-30 13:42:00,6.63,,United Kingdom
564958,22385,JUMBO BAG SPACEBOY DESIGN,10,2011-08-31 13:56:00,2.08,13089,United Kingdom
564972,22176,BLUE OWL SOFT TOY,6,2011-08-31 15:30:00,2.95,12621,Germany
565125,21621,VINTAGE UNION JACK BUNTING,2,2011-09-01 12:16:00,8.5,14217,United Kingdom
565150,21390,FILIGRIS HEART WITH BUTTERFLY,72,2011-09-01 14:26:00,1.06,14298,United Kingdom
565232,23165,LARGE CERAMIC TOP STORAGE JAR,2,2011-09-02 09:30:00,3.29,,United Kingdom
565233,21123,SET/10 IVORY POLKADOT PARTY CANDLES,2,2011-09-02 09:34:00,0.83,,United Kingdom
565261,22029,SPACEBOY BIRTHDAY CARD,12,2011-09-02 10:53:00,0.42,12474,Germany
565378,20727,LUNCH BAG  BLACK SKULL.,17,2011-09-02 15:16:00,4.96,,United Kingdom
565396,82483,WOOD 2 DRAWER CABINET WHITE FINISH,1,2011-09-02 16:39:00,14.13,,United Kingdom
565443,21833,CAMOUFLAGE LED TORCH,12,2011-09-04 14:22:00,1.69,12567,France
565457,35651,VINTAGE BEAD PINK SCARF ,12,2011-09-05 09:07:00,1.65,14565,United Kingdom
565475,20754,RETROSPOT RED WASHING UP GLOVES,72,2011-09-05 10:47:00,1.69,14156,EIRE
565598,23236,DOILEY STORAGE TIN,6,2011-09-05 14:30:00,2.89,14842,United Kingdom
565617,23227,FILIGREE HEART BUTTERFLY WHITE ,1,2011-09-05 15:30:00,2.46,,United Kingdom
565835,22203,MILK PAN RED RETROSPOT,1,2011-09-07 11:32:00,3.75,14452,United Kingdom
565839,85152,HAND OVER THE CHOCOLATE   SIGN ,12,2011-09-07 11:46:00,2.1,13186,United Kingdom
565840,47566B,TEA TIME PARTY BUNTING,6,2011-09-07 12:02:00,4.95,,United Kingdom
565846,21154,RED RETROSPOT OVEN GLOVE ,4,2011-09-07 12:41:00,1.25,14606,United Kingdom
565854,21098,CHRISTMAS TOILET ROLL,36,2011-09-07 13:22:00,1.25,12490,France
565862,23356,LOVE HOT WATER BOTTLE,3,2011-09-07 14:56:00,5.95,15885,United Kingdom
565927,20866,BLUE ROSE FABRIC MIRROR,12,2011-09-08 10:08:00,1.25,,EIRE
565929,23444,Next Day Carriage,1,2011-09-08 10:11:00,15,15488,United Kingdom
566018,21770,OPEN CLOSED METAL SIGN,2,2011-09-08 12:42:00,4.95,13137,United Kingdom
566033,47471,RAINBOW PEGS PHOTO CLIP STRING,1,2011-09-08 13:07:00,0.65,16031,United Kingdom
566054,20726,LUNCH BAG WOODLAND,20,2011-09-08 15:04:00,1.65,12592,Germany
566091,15044D,RED PAPER PARASOL,1,2011-09-09 10:37:00,2.95,17870,United Kingdom
566203,23203,JUMBO BAG VINTAGE DOILY ,1,2011-09-09 14:47:00,2.08,16362,United Kingdom
566281,22741,FUNKY DIVA PEN,48,2011-09-11 14:15:00,0.85,12748,United Kingdom
566398,20749,ASSORTED COLOUR MINI CASES,4,2011-09-12 13:10:00,7.95,12884,United Kingdom
566446,22452,MEASURING TAPE BABUSHKA PINK,1,2011-09-12 15:40:00,1.63,,United Kingdom
566482,22853,CAT BOWL VINTAGE CREAM,6,2011-09-13 09:43:00,3.25,16609,United Kingdom
566487,20974,12 PENCILS SMALL TUBE SKULL,48,2011-09-13 10:03:00,0.65,16422,United Kingdom
566488,22602,RETROSPOT WOODEN HEART DECORATION,12,2011-09-13 10:16:00,0.85,12940,United Kingdom
566576,22847,BREAD BIN DINER STYLE IVORY,4,2011-09-13 13:21:00,14.95,13098,United Kingdom
566603,82484,WOOD BLACK BOARD ANT WHITE FINISH,2,2011-09-13 16:12:00,16.63,,United Kingdom
566604,23287,RED VINTAGE SPOT BEAKER,8,2011-09-13 16:26:00,0.85,16279,United Kingdom
566606,21289,LARGE STRIPES CHOCOLATE GIFT BAG,16,2011-09-13 16:33:00,1.25,15194,United Kingdom
566720,22950,36 DOILIES VINTAGE CHRISTMAS,2,2011-09-14 12:42:00,1.45,13634,United Kingdom
566789,72807A,SET/3 ROSE CANDLE IN JEWELLED BOX,4,2011-09-15 10:35:00,4.25,13134,United Kingdom
566873,21086,SET/6 RED SPOTTY PAPER CUPS,12,2011-09-15 13:31:00,0.65,12682,France
566912,23133,LARGE IVORY HEART WALL ORGANISER,2,2011-09-15 14:05:00,8.25,14367,United Kingdom
566949,23198,PANTRY MAGNETIC  SHOPPING LIST,1,2011-09-15 16:32:00,3.29,,United Kingdom
566976,22988,SOLDIERS EGG CUP ,12,2011-09-16 09:27:00,1.25,15382,United Kingdom
566985,22086,PAPER CHAIN KIT 50'S CHRISTMAS ,3,2011-09-16 10:42:00,6.63,,United Kingdom
567077,84997B,CHILDRENS CUTLERY RETROSPOT RED ,1,2011-09-16 12:34:00,4.15,18122,United Kingdom
567180,84997D,CHILDRENS CUTLERY POLKADOT PINK,4,2011-09-18 14:56:00,4.15,17802,United Kingdom
567183,22284,HEN HOUSE DECORATION,6,2011-09-18 15:32:00,1.65,14769,United Kingdom
567185,20712,JUMBO BAG WOODLAND ANIMALS,2,2011-09-18 15:55:00,2.08,16370,United Kingdom
567211,23399,HOME SWEET HOME HANGING HEART,6,2011-09-19 11:02:00,0.85,14159,United Kingdom
567213,85123A,WHITE HANGING HEART T-LIGHT HOLDER,2,2011-09-19 11:04:00,2.95,14684,United Kingdom
567294,22840,ROUND CAKE TIN VINTAGE RED,2,2011-09-19 12:06:00,7.95,13774,United Kingdom
567378,23432,PRETTY HANGING QUILTED HEARTS,12,2011-09-20 10:01:00,0.83,14911,EIRE
567423,22978,PANTRY ROLLING PIN,708,2011-09-20 11:05:00,4.18,17450,United Kingdom
567460,84879,ASSORTED COLOUR BIRD ORNAMENT,8,2011-09-20 12:30:00,1.69,15888,United Kingdom
567507,22411,JUMBO SHOPPER VINTAGE RED PAISLEY,48,2011-09-20 14:46:00,4.13,,United Kingdom
567528,23299,FOOD COVER WITH BEADS SET 2 ,6,2011-09-21 09:18:00,3.75,14356,United Kingdom
567667,21698,MOCK LOBSTER FRIDGE MAGNET,1,2011-09-21 15:24:00,1.63,,United Kingdom
567671,22195,LARGE HEART MEASURING SPOONS,1,2011-09-21 15:34:00,3.29,,United Kingdom
567673,21192,WHITE BELL HONEYCOMB PAPER ,6,2011-09-21 15:43:00,3.29,,United Kingdom
C567681,22382,LUNCH BAG SPACEBOY DESIGN ,-7,2011-09-21 16:24:00,1.65,15433,United Kingdom
C567706,22835,HOT WATER BOTTLE I AM SO POORLY,-312,2011-09-22 09:46:00,4.25,15769,United Kingdom
567852,22666,RECIPE BOX PANTRY YELLOW DESIGN,84,2011-09-22 13:21:00,1.96,18102,United Kingdom
567881,22083,PAPER CHAIN KIT RETROSPOT,12,2011-09-22 14:59:00,2.95,15640,United Kingdom
567901,22912,YELLOW COAT RACK PARIS FASHION,1,2011-09-22 16:28:00,10.79,,United Kingdom
567912,21871,SAVE THE PLANET MUG,4,2011-09-22 17:07:00,1.65,15555,United Kingdom
567970,22367,CHILDRENS APRON SPACEBOY DESIGN,5,2011-09-23 10:02:00,1.95,18041,United Kingdom
568050,21243,PINK  POLKADOT PLATE ,4,2011-09-23 12:38:00,1.69,15901,United Kingdom
568058,22112,CHOCOLATE HOT WATER BOTTLE,6,2011-09-23 12:58:00,4.95,18188,United Kingdom
568060,23326,HANGING MINI COLOURED BOTTLES,24,2011-09-23 13:11:00,0.63,14546,United Kingdom
568060,84029G,KNITTED UNION FLAG HOT WATER BOTTLE,1,2011-09-23 13:11:00,4.25,14546,United Kingdom
568070,23359,SET OF 12 T-LIGHTS VINTAGE DOILEY,12,2011-09-23 14:17:00,1.95,16128,United Kingdom
568134,22449,SILK PURSE BABUSHKA PINK,1,2011-09-23 17:02:00,2.46,,United Kingdom
568191,23398,HANGING HEART BONHEUR,10,2011-09-25 14:37:00,0.85,16655,United Kingdom
568228,22960,JAM MAKING SET WITH JARS,6,2011-09-26 11:02:00,4.25,15358,United Kingdom
568245,85123A,WHITE HANGING HEART T-LIGHT HOLDER,6,2011-09-26 12:23:00,2.95,13867,United Kingdom
568392,84012,MAGIC SHEEP WOOL GROWING FROM PAPER,24,2011-09-27 10:08:00,0.85,14272,United Kingdom
568428,82483,WOOD 2 DRAWER CABINET WHITE FINISH,1,2011-09-27 11:27:00,6.95,14419,United Kingdom
568491,23301,GARDENERS KNEELING PAD KEEP CALM ,2,2011-09-27 11:58:00,1.65,15443,United Kingdom
568647,23016,GLASS TWIST BON BON JAR,6,2011-09-28 11:48:00,7.85,16157,United Kingdom
568676,22726,ALARM CLOCK BAKELIKE GREEN,4,2011-09-28 13:43:00,3.75,18242,United Kingdom
568716,85087,CANDY SPOT CUSHION COVER,2,2011-09-28 16:13:00,3.29,,United Kingdom
568782,23205,CHARLOTTE BAG VINTAGE ALPHABET ,10,2011-09-29 08:53:00,0.85,13985,United Kingdom
568805,22383,LUNCH BAG SUKI DESIGN ,10,2011-09-29 10:55:00,1.65,12826,United Kingdom
568949,82567,"AIRLINE LOUNGE,METAL SIGN",1,2011-09-29 15:13:00,1.63,,United Kingdom
569000,22211,WOOD STAMP SET FLOWERS,12,2011-09-29 17:36:00,0.83,17015,United Kingdom
569001,22895,SET OF 2 TEA TOWELS APPLE AND PEARS,6,2011-09-29 17:52:00,3.25,12703,Germany
569029,23284,DOORMAT KEEP CALM AND COME IN,20,2011-09-30 10:25:00,8,17450,United Kingdom
569202,21680,WOODLAND  STICKERS,1,2011-09-30 17:22:00,1.63,,United Kingdom
569220,21213,PACK OF 72 SKULL CAKE CASES,3,2011-10-02 13:26:00,0.55,16007,United Kingdom
569230,22697,GREEN REGENCY TEACUP AND SAUCER,6,2011-10-02 15:07:00,2.95,16533,United Kingdom
569246,21668,RED STRIPE CERAMIC DRAWER KNOB,6,2011-10-03 09:57:00,3.29,14096,United Kingdom
C569421,22423,REGENCY CAKESTAND 3 TIER,-1,2011-10-04 10:37:00,12.75,15339,United Kingdom
569486,22678,FRENCH BLUE METAL DOOR SIGN 3,1,2011-10-04 12:51:00,1.25,15339,United Kingdom
569523,22361,GLASS JAR DAISY FRESH COTTON WOOL,2,2011-10-04 14:41:00,2.95,16033,United Kingdom
569524,48138,DOORMAT UNION FLAG,3,2011-10-04 14:42:00,8.25,14506,United Kingdom
569650,22544,MINI JIGSAW SPACEBOY,240,2011-10-05 12:44:00,0.36,12415,Australia
569678,23203,JUMBO BAG VINTAGE DOILY ,1,2011-10-05 14:16:00,2.08,17816,United Kingdom
569688,23050,RECYCLED ACAPULCO MAT GREEN,2,2011-10-05 14:55:00,8.25,15048,United Kingdom
569700,21790,VINTAGE SNAP CARDS,2,2011-10-05 15:56:00,1.63,,United Kingdom
569700,21231,SWEETHEART CERAMIC TRINKET BOX,1,2011-10-05 15:56:00,2.46,,United Kingdom
569825,22730,ALARM CLOCK BAKELIKE IVORY,4,2011-10-06 12:23:00,3.75,15805,United Kingdom
569897,22150,3 STRIPEY MICE FELTCRAFT,1,2011-10-06 16:01:00,1.95,17813,United Kingdom
569899,23333,IVORY WICKER HEART MEDIUM,12,2011-10-06 16:15:00,1.25,13940,United Kingdom
569910,22045,SPACEBOY GIFT WRAP,25,2011-10-06 16:47:00,0.42,17139,United Kingdom
569917,22699,ROSES REGENCY TEACUP AND SAUCER ,24,2011-10-06 17:02:00,2.55,17453,United Kingdom
570027,22112,CHOCOLATE HOT WATER BOTTLE,3,2011-10-07 10:41:00,4.95,14844,United Kingdom
570049,23368,SET 12 COLOUR PENCILS DOLLY GIRL ,17,2011-10-07 10:55:00,0.65,17228,United Kingdom
570237,22173,METAL 4 HOOK HANGER FRENCH CHATEAU,1,2011-10-09 14:48:00,3.29,13212,United Kingdom
570247,22561,WOODEN SCHOOL COLOURING SET,12,2011-10-10 08:23:00,1.65,15193,United Kingdom
570255,23526,DOG LICENCE WALL ART,4,2011-10-10 09:41:00,5.95,17648,United Kingdom
570267,23286,BLUE VINTAGE SPOT BEAKER,8,2011-10-10 10:13:00,0.85,12682,France
C570290,22846,BREAD BIN DINER STYLE RED ,-1,2011-10-10 11:54:00,16.95,14665,United Kingdom
570420,82494L,WOODEN FRAME ANTIQUE WHITE ,1,2011-10-10 13:33:00,2.95,17841,United Kingdom
570443,21070,VINTAGE BILLBOARD MUG ,24,2011-10-10 14:37:00,1.25,17203,United Kingdom
570479,22068,BLACK PIRATE TREASURE CHEST,2,2011-10-10 16:58:00,1.65,17589,United Kingdom
570672,23245,SET OF 3 REGENCY CAKE TINS,12,2011-10-11 14:52:00,4.95,12536,France
570688,23009,I LOVE LONDON BABY GIFT SET,1,2011-10-11 16:29:00,10.79,,United Kingdom
570793,22627,MINT KITCHEN SCALES,6,2011-10-12 12:08:00,8.5,12444,Norway
570830,84031A,CHARLIE+LOLA RED HOT WATER BOTTLE ,3,2011-10-12 13:20:00,4.65,14852,United Kingdom
571036,21535,RED RETROSPOT SMALL MILK JUG,8,2011-10-13 12:52:00,2.55,17567,United Kingdom
571105,72817,SET OF 2 CHRISTMAS DECOUPAGE CANDLE,4,2011-10-13 16:01:00,0.79,17614,United Kingdom
571183,22616,PACK OF 12 LONDON TISSUES ,12,2011-10-14 11:08:00,0.39,14796,United Kingdom
571183,23307,SET OF 60 PANTRY DESIGN CAKE CASES ,6,2011-10-14 11:08:00,0.55,14796,United Kingdom
571188,82494L,WOODEN FRAME ANTIQUE WHITE ,6,2011-10-14 11:42:00,2.95,12783,Portugal
571188,22623,BOX OF VINTAGE JIGSAW BLOCKS ,3,2011-10-14 11:42:00,5.95,12783,Portugal
571189,23222,CHRISTMAS TREE HANGING GOLD,12,2011-10-14 11:42:00,0.83,13213,United Kingdom
571213,20726,LUNCH BAG WOODLAND,10,2011-10-14 12:55:00,1.65,13995,United Kingdom
571240,22662,LUNCH BAG DOLLY GIRL DESIGN,10,2011-10-14 14:55:00,1.65,12562,France
571243,23094,LE GRAND TRAY CHIC SET,1,2011-10-14 15:26:00,12.5,14595,United Kingdom
571247,23470,CARD HOLDER LOVE BIRD LARGE ,4,2011-10-14 16:04:00,6.25,15826,United Kingdom
571258,22138,BAKING SET 9 PIECE RETROSPOT ,3,2011-10-14 17:23:00,4.95,17837,United Kingdom
571258,22273,FELTCRAFT DOLL MOLLY,1,2011-10-14 17:23:00,2.95,17837,United Kingdom
571281,23128,FELTCRAFT BOY JEAN-PAUL KIT,8,2011-10-16 13:23:00,4.18,14088,United Kingdom
571286,72818,CHRISTMAS DECOUPAGE CANDLE,6,2011-10-16 14:35:00,0.39,14547,United Kingdom
571289,22904,CALENDAR PAPER CUT DESIGN,40,2011-10-16 15:27:00,2.95,15113,United Kingdom
571303,23344,JUMBO BAG 50'S CHRISTMAS ,10,2011-10-17 09:36:00,2.08,13875,United Kingdom
571425,23165,LARGE CERAMIC TOP STORAGE JAR,12,2011-10-17 12:41:00,1.65,14911,EIRE
571425,22907,PACK OF 20 NAPKINS PANTRY DESIGN,12,2011-10-17 12:41:00,0.85,14911,EIRE
571441,22549,PICTURE DOMINOES,1,2011-10-17 13:31:00,3.29,14096,United Kingdom
571441,22904,CALENDAR PAPER CUT DESIGN,2,2011-10-17 13:31:00,5.79,14096,United Kingdom
571475,20971,PINK BLUE FELT CRAFT TRINKET BOX,2,2011-10-17 14:42:00,1.25,15033,United Kingdom
571508,20777,CHRYSANTHEMUM NOTEBOOK,1,2011-10-17 15:27:00,1.63,,United Kingdom
571563,16161P,WRAP ENGLISH ROSE ,25,2011-10-18 10:07:00,0.42,16249,United Kingdom
571601,22498,WOODEN REGATTA BUNTING,4,2011-10-18 10:53:00,5.95,17073,United Kingdom
571656,22367,CHILDRENS APRON SPACEBOY DESIGN,1,2011-10-18 12:43:00,1.95,16393,United Kingdom
C571695,22522,CHILDS GARDEN FORK BLUE ,-12,2011-10-18 14:46:00,0.85,14776,United Kingdom
571890,23177,TREASURE ISLAND BOOK BOX,8,2011-10-19 14:05:00,2.25,16826,United Kingdom
571909,21402,RED  EGG  SPOON,6,2011-10-19 15:08:00,0.12,15006,United Kingdom
571937,23241,TREASURE TIN GYMKHANA DESIGN,48,2011-10-20 09:28:00,1.85,14911,EIRE
572035,22568,FELTCRAFT CUSHION OWL,24,2011-10-20 12:03:00,3.39,14646,Netherlands
572058,22092,BLUE PAISLEY TISSUE BOX,2,2011-10-20 12:43:00,0.39,18252,United Kingdom
572307,23131,MISTLETOE HEART WREATH CREAM,18,2011-10-23 15:23:00,4.15,16905,United Kingdom
572319,21616,4 PEAR BOTANICAL DINNER CANDLES,1,2011-10-23 16:19:00,1.25,14704,United Kingdom
572499,23570,TRADITIONAL PICK UP STICKS GAME ,12,2011-10-24 14:10:00,1.25,15786,United Kingdom
572513,22409,MONEY BOX BISCUITS DESIGN,1,2011-10-24 14:36:00,1.25,16728,United Kingdom
572513,85032B,BLOSSOM IMAGES GIFT WRAP SET,2,2011-10-24 14:36:00,0.65,16728,United Kingdom
572550,22385,JUMBO BAG SPACEBOY DESIGN,1,2011-10-24 17:06:00,4.13,,United Kingdom
572553,72586,SET OF 6 HALLOWEEN GHOST T-LIGHTS,1,2011-10-24 17:09:00,0.83,,United Kingdom
572558,23192,BUNDLE OF 3 ALPHABET EXERCISE BOOKS,12,2011-10-25 08:26:00,1.65,14286,United Kingdom
572673,23549,WRAP BIRD GARDEN ,25,2011-10-25 13:16:00,0.42,13309,United Kingdom
572719,23317,BLUE REFECTORY CLOCK ,2,2011-10-25 15:03:00,9.95,13871,United Kingdom
572746,22382,LUNCH BAG SPACEBOY DESIGN ,1,2011-10-25 16:30:00,1.65,13263,United Kingdom
572758,22317,FIVE CATS HANGING DECORATION,2,2011-10-25 18:39:00,5.79,,United Kingdom
572758,22585,PACK OF 6 BIRDY GIFT TAGS,2,2011-10-25 18:39:00,2.46,,United Kingdom
572862,21034,REX CASH+CARRY JUMBO SHOPPER,1,2011-10-26 12:48:00,0.95,16750,United Kingdom
572880,22094,RED RETROSPOT TISSUE BOX,1,2011-10-26 13:35:00,0.39,16415,United Kingdom
572897,85099C,JUMBO  BAG BAROQUE BLACK WHITE,12,2011-10-26 14:42:00,4.13,,United Kingdom
572901,23264,SET OF 3 WOODEN SLEIGH DECORATIONS,6,2011-10-26 14:54:00,1.25,16332,United Kingdom
573033,85150,LADIES & GENTLEMEN METAL SIGN,12,2011-10-27 13:41:00,2.55,14099,United Kingdom
573038,21867,PINK UNION JACK  LUGGAGE TAG,1,2011-10-27 13:48:00,1.25,17545,United Kingdom
573068,23554,LANDMARK FRAME OXFORD STREET,1,2011-10-27 13:56:00,12.5,17545,United Kingdom
573140,22961,JAM MAKING SET PRINTED,12,2011-10-27 17:34:00,1.45,15955,United Kingdom
573155,20728,LUNCH BAG CARS BLUE,10,2011-10-28 08:34:00,1.65,13632,United Kingdom
573171,23322,LARGE WHITE HEART OF WICKER,6,2011-10-28 10:00:00,2.95,14218,United Kingdom
573182,47563A,RETRO LONGBOARD IRONING BOARD COVER,24,2011-10-28 11:09:00,1.25,14232,United Kingdom
573338,22112,CHOCOLATE HOT WATER BOTTLE,1,2011-10-30 11:47:00,4.95,14546,United Kingdom
573344,21892,TRADITIONAL WOODEN CATCH CUP GAME ,1,2011-10-30 12:07:00,1.25,14179,United Kingdom
573345,23211,RED ROCKING HORSE HAND PAINTED,1,2011-10-30 12:14:00,1.25,17609,United Kingdom
573345,21136,PAINTED METAL PEARS ASSORTED,1,2011-10-30 12:14:00,1.69,17609,United Kingdom
573365,85123A,WHITE HANGING HEART T-LIGHT HOLDER,12,2011-10-30 13:13:00,2.95,12584,Italy
573385,20978,36 PENCILS TUBE SKULLS,16,2011-10-30 14:21:00,1.25,13421,United Kingdom
573401,21086,SET/6 RED SPOTTY PAPER CUPS,12,2011-10-30 15:43:00,0.65,12364,Belgium
573414,22633,HAND WARMER UNION JACK,1,2011-10-30 16:15:00,2.1,16877,United Kingdom
573415,23405,HOME SWEET HOME 2 DRAWER CABINET,1,2011-10-30 16:17:00,4.95,13607,United Kingdom
573415,21175,GIN + TONIC DIET METAL SIGN,1,2011-10-30 16:17:00,2.55,13607,United Kingdom
573425,23313,VINTAGE CHRISTMAS BUNTING,5,2011-10-31 10:05:00,4.95,16836,United Kingdom
573576,23126,FELTCRAFT GIRL AMELIE KIT,2,2011-10-31 14:09:00,10.79,14096,United Kingdom
573585,22629,SPACEBOY LUNCH BOX ,2,2011-10-31 14:41:00,4.13,,United Kingdom
573585,23376,PACK OF 12 VINTAGE CHRISTMAS TISSUE,4,2011-10-31 14:41:00,0.83,,United Kingdom
573666,84030E,ENGLISH ROSE HOT WATER BOTTLE,2,2011-10-31 16:24:00,4.25,15977,United Kingdom
573745,71053,WHITE METAL LANTERN,4,2011-11-01 08:53:00,3.75,17419,United Kingdom
573814,21175,GIN + TONIC DIET METAL SIGN,2,2011-11-01 11:31:00,2.55,13268,United Kingdom
573868,22139,RETROSPOT TEA SET CERAMIC 11 PC ,3,2011-11-01 12:18:00,4.95,12491,France
573911,84970L,SINGLE HEART ZINC T-LIGHT HOLDER,6,2011-11-01 15:40:00,1.25,17315,United Kingdom
574052,22617,BAKING SET SPACEBOY DESIGN,1,2011-11-02 13:50:00,4.95,16706,United Kingdom
574070,23202,JUMBO BAG VINTAGE LEAF,10,2011-11-02 14:52:00,2.08,16748,United Kingdom
574074,21888,BINGO SET,1,2011-11-02 15:33:00,7.46,,United Kingdom
574076,22586,FELTCRAFT HAIRBAND PINK AND BLUE,2,2011-11-02 15:38:00,1.63,,United Kingdom
574076,22614,PACK OF 12 SPACEBOY TISSUES,1,2011-11-02 15:38:00,0.83,,United Kingdom
574079,20764,ABSTRACT CIRCLES SKETCHBOOK ,1,2011-11-02 16:19:00,3.75,17595,United Kingdom
574104,23267,SET OF 4 SANTA PLACE SETTINGS,12,2011-11-03 10:45:00,1.25,12615,France
574470,20996,JAZZ HEARTS ADDRESS BOOK,24,2011-11-04 11:56:00,0.19,12748,United Kingdom
574477,22593,CHRISTMAS GINGHAM STAR,3,2011-11-04 12:21:00,0.85,15453,United Kingdom
574484,85152,HAND OVER THE CHOCOLATE   SIGN ,12,2011-11-04 12:50:00,2.1,14388,United Kingdom
574532,85025B,EAU DE NILE HEART SHAPE PHOTO FRAME,24,2011-11-04 14:19:00,1.65,15676,United Kingdom
574536,22988,SOLDIERS EGG CUP ,5,2011-11-04 14:35:00,1.25,15707,United Kingdom
574550,23353,6 GIFT TAGS VINTAGE CHRISTMAS ,2,2011-11-04 15:18:00,0.83,12484,Spain
574660,72803A,ROSE SCENT CANDLE JEWELLED DRAWER,1,2011-11-06 11:55:00,4.25,15407,United Kingdom
574672,22645,CERAMIC HEART FAIRY CAKE MONEY BANK,1,2011-11-06 12:25:00,1.45,13532,United Kingdom
574673,22556,PLASTERS IN TIN CIRCUS PARADE ,2,2011-11-06 12:26:00,1.65,15555,United Kingdom
574678,21671,RED SPOT CERAMIC DRAWER KNOB,12,2011-11-06 12:36:00,1.45,13365,United Kingdom
574691,22639,SET OF 4 NAPKIN CHARMS HEARTS,3,2011-11-06 13:17:00,2.55,14174,United Kingdom
574704,23454,THREE MINI HANGING FRAMES,1,2011-11-06 14:02:00,4.15,15696,United Kingdom
574709,22199,FRYING PAN RED RETROSPOT,1,2011-11-06 14:14:00,4.25,17768,United Kingdom
574721,23157,SET OF 6 NATIVITY MAGNETS ,2,2011-11-06 14:43:00,2.08,17920,United Kingdom
574721,21253,SET OF PICTURE FRAME  STICKERS,1,2011-11-06 14:43:00,2.95,17920,United Kingdom
574741,22578,WOODEN STAR CHRISTMAS SCANDINAVIAN,3,2011-11-06 16:13:00,0.29,15993,United Kingdom
574862,23206,LUNCH BAG APPLE DESIGN,10,2011-11-07 12:27:00,1.65,12408,Belgium
574862,23389,SPACEBOY MINI BACKPACK,4,2011-11-07 12:27:00,4.15,12408,Belgium
574882,21137,BLACK RECORD COVER FRAME,6,2011-11-07 13:45:00,3.75,13599,United Kingdom
574950,46776B,WOVEN BERRIES CUSHION COVER ,7,2011-11-08 09:29:00,4.13,,United Kingdom
575059,21060,PARTY INVITES BALLOON GIRL,3,2011-11-08 12:25:00,0.85,14071,United Kingdom
575087,23355,HOT WATER BOTTLE KEEP CALM,1,2011-11-08 13:57:00,4.95,16549,United Kingdom
575090,21770,OPEN CLOSED METAL SIGN,1,2011-11-08 14:04:00,4.95,17515,United Kingdom
575127,22470,HEART OF WICKER LARGE,6,2011-11-08 14:26:00,2.95,13695,United Kingdom
575138,22173,METAL 4 HOOK HANGER FRENCH CHATEAU,5,2011-11-08 15:24:00,5.79,,United Kingdom
575176,84559A,3D SHEET OF DOG STICKERS,4,2011-11-08 18:29:00,1.63,,United Kingdom
575177,21874,GIN AND TONIC MUG,2,2011-11-08 18:41:00,3.29,,United Kingdom
575219,22171,3 HOOK PHOTO SHELF ANTIQUE WHITE,12,2011-11-09 11:17:00,7.65,17511,United Kingdom
575303,23115,RED APPLES CHOPPING BOARD   ,1,2011-11-09 12:34:00,4.95,12893,United Kingdom
575330,21930,JUMBO STORAGE BAG SKULLS,10,2011-11-09 13:50:00,2.08,15152,United Kingdom
575477,22332,SKULLS PARTY BAG + STICKER SET,1,2011-11-09 16:14:00,3.29,,United Kingdom
575587,22638,SET OF 4 NAPKIN CHARMS CROWNS ,6,2011-11-10 12:01:00,2.55,17461,United Kingdom
575607,22550,HOLIDAY FUN LUDO,1,2011-11-10 12:37:00,7.46,14096,United Kingdom
575637,23439,HAND WARMER RED LOVE HEART,5,2011-11-10 13:46:00,2.1,16904,United Kingdom
575654,23236,STORAGE TIN VINTAGE DOILY ,6,2011-11-10 14:28:00,2.89,15238,United Kingdom
575703,22114,HOT WATER BOTTLE TEA AND SYMPATHY,8,2011-11-10 16:59:00,4.25,13767,United Kingdom
575707,22900,SET 2 TEA TOWELS I LOVE LONDON ,6,2011-11-10 17:16:00,3.25,12538,Spain
575728,22175,PINK OWL SOFT TOY,6,2011-11-10 19:40:00,2.95,14911,EIRE
575730,22734,SET OF 6 RIBBONS VINTAGE CHRISTMAS,2,2011-11-10 19:53:00,2.89,14765,United Kingdom
575739,21642,ASSORTED TUTTI FRUTTI PEN,1,2011-11-11 09:05:00,1.63,,United Kingdom
575739,23621,SET 10 CARDS DAVID'S MADONNA 17074,1,2011-11-11 09:05:00,2.49,,United Kingdom
575856,84997A,CHILDRENS CUTLERY POLKADOT GREEN ,1,2011-11-11 12:28:00,4.15,16386,United Kingdom
575875,22107,PIZZA PLATE IN BOX,8,2011-11-11 13:06:00,3.29,,United Kingdom
575875,22144,CHRISTMAS CRAFT LITTLE FRIENDS,1,2011-11-11 13:06:00,4.13,,United Kingdom
575875,22599,CHRISTMAS MUSICAL ZINC STAR,5,2011-11-11 13:06:00,0.83,,United Kingdom
575918,23416,CHAMBRE HOOK,6,2011-11-11 16:58:00,1.65,17191,United Kingdom
575931,23108,SET OF 10 LED DOLLY LIGHTS,2,2011-11-13 10:35:00,6.25,16560,United Kingdom
575947,22812,PACK 3 BOXES CHRISTMAS PANNETONE,3,2011-11-13 11:50:00,4.13,,United Kingdom
575954,17003,BROCADE RING PURSE ,27,2011-11-13 12:03:00,0.39,17211,United Kingdom
575969,85099B,JUMBO BAG RED RETROSPOT,3,2011-11-13 12:47:00,2.08,13571,United Kingdom
576054,23182,TOILET SIGN OCCUPIED OR VACANT,1,2011-11-13 14:55:00,0.83,15787,United Kingdom
576057,47567B,TEA TIME KITCHEN APRON,1,2011-11-13 15:05:00,5.95,15861,United Kingdom
576059,23206,LUNCH BAG APPLE DESIGN,2,2011-11-13 15:19:00,1.65,15411,United Kingdom
576065,21934,SKULL SHOULDER BAG,4,2011-11-13 15:42:00,1.65,15005,United Kingdom
576069,22286,DECORATION WOBBLY RABBIT METAL ,12,2011-11-13 15:57:00,0.39,13603,United Kingdom
576070,23263,SET OF 3 WOODEN HEART DECORATIONS,6,2011-11-13 15:58:00,1.25,13451,United Kingdom
576076,20975,12 PENCILS SMALL TUBE RED RETROSPOT,48,2011-11-13 16:18:00,0.65,14382,United Kingdom
576080,22178,VICTORIAN GLASS HANGING T-LIGHT,6,2011-11-14 08:10:00,1.95,18211,United Kingdom
576172,82494L,WOODEN FRAME ANTIQUE WHITE ,48,2011-11-14 11:00:00,2.55,15482,United Kingdom
576215,20914,SET/5 RED RETROSPOT LID GLASS BOWLS,12,2011-11-14 12:55:00,2.95,17652,United Kingdom
576356,22910,PAPER CHAIN KIT VINTAGE CHRISTMAS,18,2011-11-14 16:30:00,2.95,15681,United Kingdom
576405,23598,PAPER BUNTING VINTAGE PARTY,18,2011-11-15 11:14:00,2.95,13735,United Kingdom
576615,22535,MAGIC DRAWING SLATE BUNNIES ,3,2011-11-15 16:42:00,0.42,17231,United Kingdom
576617,90013B,BLACK VINTAGE EARRINGS,1,2011-11-15 16:57:00,4.15,,United Kingdom
576618,35095B,RED VICTORIAN FABRIC OVAL BOX,1,2011-11-15 17:00:00,0.83,,United Kingdom
576655,22424,ENAMEL BREAD BIN CREAM,4,2011-11-16 10:55:00,12.75,15687,United Kingdom
576687,21915,RED  HARMONICA IN BOX ,2,2011-11-16 12:13:00,1.25,13558,United Kingdom
576687,22144,CHRISTMAS CRAFT LITTLE FRIENDS,1,2011-11-16 12:13:00,2.1,13558,United Kingdom
576695,79160,HEART SHAPE WIRELESS DOORBELL,1,2011-11-16 12:25:00,2.1,16469,United Kingdom
576833,22111,SCOTTIE DOG HOT WATER BOTTLE,3,2011-11-16 15:08:00,4.95,17434,United Kingdom
576890,20719,WOODLAND CHARLOTTE BAG,10,2011-11-16 17:25:00,0.85,12662,Germany
576911,22662,LUNCH BAG DOLLY GIRL DESIGN,1,2011-11-17 10:01:00,1.65,17461,United Kingdom
576914,22595,GINGHAM HEART DECORATION,24,2011-11-17 10:09:00,0.85,15124,United Kingdom
576932,23308,SET OF 60 VINTAGE LEAF CAKE CASES ,1,2011-11-17 11:12:00,0.55,15443,United Kingdom
577034,23268,SET OF 2 CERAMIC CHRISTMAS REINDEER,1,2011-11-17 13:16:00,1.45,12847,United Kingdom
577038,21162,TOXIC AREA  DOOR HANGER ,6,2011-11-17 13:30:00,0.39,14796,United Kingdom
577038,21976,PACK OF 60 MUSHROOM CAKE CASES,4,2011-11-17 13:30:00,0.55,14796,United Kingdom
577050,23213,STAR WREATH DECORATION WITH BELL,12,2011-11-17 13:59:00,1.25,14191,United Kingdom
577058,20762,GREEN FERN SKETCHBOOK ,1,2011-11-17 14:29:00,3.75,18122,United Kingdom
577058,22554,PLASTERS IN TIN WOODLAND ANIMALS,3,2011-11-17 14:29:00,1.65,18122,United Kingdom
577095,23126,FELTCRAFT GIRL AMELIE KIT,1,2011-11-17 16:39:00,4.95,15867,United Kingdom
577126,22980,PANTRY SCRUBBING BRUSH,12,2011-11-17 19:22:00,1.65,12406,Denmark
577126,23293,SET OF 12 FAIRY CAKE BAKING CASES,24,2011-11-17 19:22:00,0.83,12406,Denmark
577141,23312,VINTAGE CHRISTMAS GIFT SACK,4,2011-11-18 09:11:00,4.15,13269,United Kingdom
577160,21175,GIN + TONIC DIET METAL SIGN,12,2011-11-18 10:05:00,2.55,16134,United Kingdom
577310,21892,TRADITIONAL WOODEN CATCH CUP GAME ,144,2011-11-18 13:15:00,1.06,13516,United Kingdom
577341,23298,SPOTTY BUNTING,3,2011-11-18 15:00:00,4.95,16279,United Kingdom
577358,20726,LUNCH BAG WOODLAND,1,2011-11-18 15:59:00,4.13,,United Kingdom
C577369,22271,FELTCRAFT DOLL ROSIE,-2,2011-11-18 16:20:00,2.95,14132,United Kingdom
577406,22114,HOT WATER BOTTLE TEA AND SYMPATHY,4,2011-11-20 10:36:00,4.25,12702,Germany
577480,23343,JUMBO BAG VINTAGE CHRISTMAS ,2,2011-11-20 11:37:00,2.08,14525,United Kingdom
577504,22326,ROUND SNACK BOXES SET OF4 WOODLAND ,1,2011-11-20 12:36:00,2.95,14159,United Kingdom
577511,23103,JINGLE BELL HEART DECORATION,3,2011-11-20 12:53:00,1.65,17561,United Kingdom
577521,22564,ALPHABET STENCIL CRAFT,3,2011-11-20 13:23:00,1.25,16411,United Kingdom
577531,22973,CHILDREN'S CIRCUS PARADE MUG,1,2011-11-20 13:58:00,3.29,,United Kingdom
577538,20719,WOODLAND CHARLOTTE BAG,10,2011-11-20 14:20:00,0.85,18040,United Kingdom
577551,22356,CHARLOTTE BAG PINK POLKADOT,10,2011-11-20 15:21:00,0.85,12395,Belgium
577749,23313,VINTAGE CHRISTMAS BUNTING,4,2011-11-21 14:26:00,4.95,16242,United Kingdom
577768,85099B,JUMBO BAG RED RETROSPOT,2,2011-11-21 15:18:00,4.13,,United Kingdom
577768,21650,ASSORTED TUTTI FRUTTI BRACELET,8,2011-11-21 15:18:00,0.83,,United Kingdom
577768,22141,CHRISTMAS CRAFT TREE TOP ANGEL,3,2011-11-21 15:18:00,4.13,,United Kingdom
577768,23082,SET 6 PAPER TABLE LANTERN HEARTS ,1,2011-11-21 15:18:00,7.46,,United Kingdom
577773,23109,PACK OF SIX LED TEA LIGHTS,2,2011-11-21 15:57:00,2.89,16712,United Kingdom
577773,23421,PANTRY HOOK SPATULA,7,2011-11-21 15:57:00,2.08,16712,United Kingdom
577782,21871,SAVE THE PLANET MUG,1,2011-11-21 16:17:00,1.65,16549,United Kingdom
577834,46000M,POLYESTER FILLER PAD 45x45cm,12,2011-11-22 10:21:00,1.55,17528,United Kingdom
578022,22174,PHOTO CUBE,2,2011-11-22 13:25:00,1.65,17371,United Kingdom
578040,23178,JAM CLOCK MAGNET,1,2011-11-22 14:21:00,2.89,13322,United Kingdom
578065,22791,T-LIGHT GLASS FLUTED ANTIQUE,1,2011-11-22 15:41:00,2.46,,United Kingdom
578067,21929,JUMBO BAG PINK VINTAGE PAISLEY,1,2011-11-22 15:43:00,4.13,,United Kingdom
578067,90141C,TURQ PENDANT TRIPLE SHELL NECKLACE,1,2011-11-22 15:43:00,5.4,,United Kingdom
578095,23397,damaged,-9,2011-11-22 17:25:00,0,,United Kingdom
578103,22693,GROW A FLYTRAP OR SUNFLOWER IN TIN,24,2011-11-23 08:42:00,1.25,17554,United Kingdom
578147,23096,PETIT TRAY CHIC,2,2011-11-23 11:09:00,1.65,12748,United Kingdom
578149,22366,DOORMAT AIRMAIL ,2,2011-11-23 11:11:00,14.13,,United Kingdom
578155,85035C,ROSE 3 WICK MORRIS BOX CANDLE,2,2011-11-23 11:32:00,1.25,12748,United Kingdom
578229,21034,REX CASH+CARRY JUMBO SHOPPER,2,2011-11-23 11:54:00,0.95,16066,United Kingdom
578233,23291,DOLLY GIRL CHILDRENS CUP,6,2011-11-23 12:20:00,1.25,14049,United Kingdom
578270,22081,RIBBON REEL FLORA + FAUNA ,1,2011-11-23 13:39:00,3.29,14096,United Kingdom
578292,23101,SILVER STARS TABLE DECORATION,12,2011-11-23 14:35:00,0.83,13174,United Kingdom
578312,22730,ALARM CLOCK BAKELIKE IVORY,4,2011-11-23 16:24:00,3.75,14032,United Kingdom
578344,20914,SET/5 RED RETROSPOT LID GLASS BOWLS,1,2011-11-24 09:21:00,5.79,,United Kingdom
578344,20979,36 PENCILS TUBE RED RETROSPOT,1,2011-11-24 09:21:00,2.46,,United Kingdom
578344,22565,FELTCRAFT HAIRBANDS PINK AND WHITE ,1,2011-11-24 09:21:00,1.63,,United Kingdom
578344,22798,ANTIQUE GLASS DRESSING TABLE POT,1,2011-11-24 09:21:00,5.79,,United Kingdom
578347,15036,ASSORTED COLOURS SILK FAN,2,2011-11-24 09:26:00,1.63,,United Kingdom
578469,22551,PLASTERS IN TIN SPACEBOY,12,2011-11-24 12:36:00,1.65,12471,Germany
578513,22139,RETROSPOT TEA SET CERAMIC 11 PC ,6,2011-11-24 13:32:00,4.95,16609,United Kingdom
578519,23322,LARGE WHITE HEART OF WICKER,1,2011-11-24 13:56:00,2.95,14591,United Kingdom
578653,82482,WOODEN PICTURE FRAME WHITE FINISH,6,2011-11-24 16:40:00,2.95,18161,United Kingdom
578702,22988,SOLDIERS EGG CUP ,12,2011-11-25 10:58:00,1.25,15382,United Kingdom
578736,23570,TRADITIONAL PICK UP STICKS GAME ,12,2011-11-25 11:33:00,1.25,12681,France
578814,21891,TRADITIONAL WOODEN SKIPPING ROPE,1,2011-11-25 13:40:00,1.45,12748,United Kingdom
578833,22993,SET OF 4 PANTRY JELLY MOULDS,6,2011-11-25 15:23:00,3.29,,United Kingdom
578993,22638,SET OF 4 NAPKIN CHARMS CROWNS ,2,2011-11-27 15:38:00,2.55,15987,United Kingdom
579002,84378,SET OF 3 HEART COOKIE CUTTERS,2,2011-11-27 16:27:00,1.45,14093,United Kingdom
579103,21872,GLAMOROUS  MUG,1,2011-11-28 11:39:00,1.25,18041,United Kingdom
579149,22549,PICTURE DOMINOES,12,2011-11-28 13:21:00,1.45,13844,United Kingdom
579165,22607,WOODEN ROUNDERS GARDEN SET ,2,2011-11-28 14:01:00,9.95,13389,United Kingdom
579187,22990,COTTON APRON PANTRY DESIGN,1,2011-11-28 15:31:00,10.79,,United Kingdom
579187,23613,SET 10 XMAS CARDS & BADGES 17070,3,2011-11-28 15:31:00,2.49,,United Kingdom
579196,22348,TEA BAG PLATE RED RETROSPOT,3,2011-11-28 15:54:00,1.63,14096,United Kingdom
579196,22737,RIBBON REEL CHRISTMAS PRESENT ,2,2011-11-28 15:54:00,3.29,14096,United Kingdom
579286,23490,T-LIGHT HOLDER HANGING LOVE BIRD,1,2011-11-29 10:57:00,3.75,17772,United Kingdom
579297,22367,CHILDRENS APRON SPACEBOY DESIGN,1,2011-11-29 11:23:00,4.96,,United Kingdom
579297,22379,RECYCLING BAG RETROSPOT ,2,2011-11-29 11:23:00,4.96,,United Kingdom
579387,22690,DOORMAT HOME SWEET HOME BLUE ,1,2011-11-29 12:06:00,8.25,14452,United Kingdom
579446,23319,BOX OF 6 MINI 50'S CRACKERS,6,2011-11-29 13:43:00,2.49,14121,United Kingdom
579472,23162,REGENCY TEA STRAINER,1,2011-11-29 15:09:00,3.75,13521,United Kingdom
579508,22556,PLASTERS IN TIN CIRCUS PARADE ,3,2011-11-29 16:33:00,3.29,,United Kingdom
579508,84378,SET OF 3 HEART COOKIE CUTTERS,5,2011-11-29 16:33:00,2.46,,United Kingdom
579512,21993,FLORAL FOLK STATIONERY SET,3,2011-11-29 16:47:00,2.46,,United Kingdom
579512,22343,PARTY PIZZA DISH RED RETROSPOT,1,2011-11-29 16:47:00,1.63,,United Kingdom
579512,22465,HANGING METAL STAR LANTERN,3,2011-11-29 16:47:00,3.29,,United Kingdom
579553,23512,EMBROIDERED RIBBON REEL ROSIE,6,2011-11-30 10:54:00,2.08,14156,EIRE
579669,22111,SCOTTIE DOG HOT WATER BOTTLE,3,2011-11-30 12:36:00,4.95,14673,United Kingdom
579740,35970,ZINC FOLKART SLEIGH BELLS,1,2011-11-30 14:30:00,1.69,,United Kingdom
579741,23496,PANTRY KITCHEN THERMOMETER ,1,2011-11-30 14:33:00,1.25,16910,United Kingdom
579777,22741,FUNKY DIVA PEN,6,2011-11-30 15:13:00,1.63,,United Kingdom
579777,22814,CARD PARTY GAMES ,2,2011-11-30 15:13:00,0.42,,United Kingdom
C579929,72741,GRAND CHOCOLATECANDLE,-3,2011-12-01 09:34:00,1.45,17828,Malta
580059,22111,SCOTTIE DOG HOT WATER BOTTLE,12,2011-12-01 13:22:00,4.95,17768,United Kingdom
580092,23525,WALL ART BUFFALO BILL ,6,2011-12-01 14:38:00,3.75,13969,United Kingdom
580115,22577,WOODEN HEART CHRISTMAS SCANDINAVIAN,8,2011-12-01 16:22:00,0.83,,United Kingdom
580115,22811,SET OF 6 T-LIGHTS CACTI ,2,2011-12-01 16:22:00,5.79,,United Kingdom
580146,22727,ALARM CLOCK BAKELIKE RED ,12,2011-12-02 10:07:00,8.29,,United Kingdom
580152,16156L,WRAP CAROUSEL,25,2011-12-02 10:22:00,0.42,12364,Belgium
580305,23177,TREASURE ISLAND BOOK BOX,1,2011-12-02 14:26:00,2.25,12970,United Kingdom
580367,23109,PACK OF SIX LED TEA LIGHTS,1,2011-12-02 16:39:00,5.79,,United Kingdom
580402,23582,VINTAGE DOILY JUMBO BAG RED ,20,2011-12-04 11:55:00,2.08,13536,United Kingdom
580434,22646,CERAMIC STRAWBERRY CAKE MONEY BANK,2,2011-12-04 12:17:00,0.39,17114,United Kingdom
580513,21928,JUMBO BAG SCANDINAVIAN BLUE PAISLEY,2,2011-12-04 13:59:00,2.08,14456,United Kingdom
580610,22961,JAM MAKING SET PRINTED,10,2011-12-05 11:48:00,3.29,,United Kingdom
580611,23501,KEY RING BASEBALL BOOT UNION JACK,1,2011-12-05 11:49:00,1.25,12748,United Kingdom
580652,84032B,CHARLIE + LOLA RED HOT WATER BOTTLE,144,2011-12-05 13:33:00,0.79,17511,United Kingdom
580675,84692,BOX OF 24 COCKTAIL PARASOLS,50,2011-12-05 14:35:00,0.42,15640,United Kingdom
580697,22554,PLASTERS IN TIN WOODLAND ANIMALS,1,2011-12-05 16:05:00,1.65,15984,United Kingdom
580730,23347,I LOVE LONDON BEAKER,1,2011-12-05 17:28:00,2.46,,United Kingdom
580757,23301,GARDENERS KNEELING PAD KEEP CALM ,12,2011-12-06 10:27:00,1.65,13709,United Kingdom
580759,22080,RIBBON REEL POLKADOTS ,10,2011-12-06 10:30:00,1.65,17593,United Kingdom
580872,23378,PACK OF 12 50'S CHRISTMAS TISSUES,2,2011-12-06 12:02:00,0.39,18283,United Kingdom
580875,21564,PINK  HEART SHAPE LOVE BUCKET ,24,2011-12-06 12:11:00,0.79,17744,United Kingdom
580964,23283,DOORMAT VINTAGE LEAF,10,2011-12-06 14:50:00,7.08,15822,United Kingdom
580983,22465,HANGING METAL STAR LANTERN,1,2011-12-06 16:26:00,3.29,,United Kingdom
580983,22551,PLASTERS IN TIN SPACEBOY,1,2011-12-06 16:26:00,3.29,,United Kingdom
580983,22726,ALARM CLOCK BAKELIKE GREEN,3,2011-12-06 16:26:00,7.46,,United Kingdom
580983,23197,SKETCHBOOK MAGNETIC SHOPPING LIST,2,2011-12-06 16:26:00,3.29,,United Kingdom
581001,POST,POSTAGE,3,2011-12-07 08:07:00,18,12583,France
581074,23504,PLAYING CARDS JUBILEE UNION JACK,6,2011-12-07 11:27:00,1.25,15568,United Kingdom
581134,23435,3 RAFFIA RIBBONS VINTAGE CHRISTMAS,3,2011-12-07 13:12:00,0.79,16368,United Kingdom
581142,23104,IVORY CAFE HANGING LAMP ,1,2011-12-07 13:38:00,12.5,14204,United Kingdom
581217,85049A,TRADITIONAL CHRISTMAS RIBBONS,1,2011-12-08 09:20:00,2.46,,United Kingdom
581219,23204,CHARLOTTE BAG APPLES DESIGN,1,2011-12-08 09:28:00,1.63,,United Kingdom
581433,22914,BLUE COAT RACK PARIS FASHION,3,2011-12-08 15:54:00,4.95,14911,EIRE
581439,22422,TOOTHPASTE TUBE PEN,3,2011-12-08 16:30:00,1.25,,United Kingdom
581492,23535,WALL ART BICYCLE SAFETY,4,2011-12-09 10:03:00,12.46,,United Kingdom
581570,22326,ROUND SNACK BOXES SET OF4 WOODLAND ,6,2011-12-09 11:59:00,2.95,12662,Germany
